--
-- Data for Name: Agreement; Type: TABLE DATA; Schema: public; Owner: execution-identity-rocket.demo-rocket
--

INSERT INTO public."Agreement" ("Agreement_Type_Code0", "Agreement_Name", "Agreement_Original_Inception_Date", "Product_Identifier", "Agreement_Type_Code4") VALUES (1, 'Policy 31003000336', NULL, NULL, NULL);
INSERT INTO public."Agreement" ("Agreement_Type_Code0", "Agreement_Name", "Agreement_Original_Inception_Date", "Product_Identifier", "Agreement_Type_Code4") VALUES (2, 'Policy 31003000337', NULL, NULL, NULL);


--
-- Data for Name: Agreement_Assessment; Type: TABLE DATA; Schema: public; Owner: execution-identity-rocket.demo-rocket
--

INSERT INTO public."Agreement_Assessment" ("Agreement_Identifier", "Assessment_Identifier") VALUES (1, 1);
INSERT INTO public."Agreement_Assessment" ("Agreement_Identifier", "Assessment_Identifier") VALUES (2, 2);


--
-- Data for Name: Agreement_Party_Role; Type: TABLE DATA; Schema: public; Owner: execution-identity-rocket.demo-rocket
--

INSERT INTO public."Agreement_Party_Role" ("Agreement_Identifier", "Party_Identifier", "Party_Role_Code", "Effective_Date", "Expiration_Date") VALUES (1, 1, 'PH', NULL, NULL);
INSERT INTO public."Agreement_Party_Role" ("Agreement_Identifier", "Party_Identifier", "Party_Role_Code", "Effective_Date", "Expiration_Date") VALUES (1, 2, 'AG', NULL, NULL);
INSERT INTO public."Agreement_Party_Role" ("Agreement_Identifier", "Party_Identifier", "Party_Role_Code", "Effective_Date", "Expiration_Date") VALUES (2, 1, 'PH', NULL, NULL);
INSERT INTO public."Agreement_Party_Role" ("Agreement_Identifier", "Party_Identifier", "Party_Role_Code", "Effective_Date", "Expiration_Date") VALUES (2, 2, 'AG', NULL, NULL);


--
-- Data for Name: Assesment_Result; Type: TABLE DATA; Schema: public; Owner: execution-identity-rocket.demo-rocket
--

INSERT INTO public."Assesment_Result" ("Assessment_Result_Identifier", "Assessment_Identifier", "Assessment_Result_Type_Code") VALUES (1, 1, 'OK');
INSERT INTO public."Assesment_Result" ("Assessment_Result_Identifier", "Assessment_Identifier", "Assessment_Result_Type_Code") VALUES (2, 2, 'OK');


--
-- Data for Name: Assessment; Type: TABLE DATA; Schema: public; Owner: execution-identity-rocket.demo-rocket
--

INSERT INTO public."Assessment" ("Assessment_Identifier", "Begin_Date", "Assessment_Description", "End_Date", "Assessment_Reason_Description") VALUES (1, '2014-11-01', NULL, '2014-12-15', NULL);
INSERT INTO public."Assessment" ("Assessment_Identifier", "Begin_Date", "Assessment_Description", "End_Date", "Assessment_Reason_Description") VALUES (2, '2019-05-01', NULL, '2019-05-27', NULL);


--
-- Data for Name: Assessment_Party_Role; Type: TABLE DATA; Schema: public; Owner: execution-identity-rocket.demo-rocket
--

INSERT INTO public."Assessment_Party_Role" ("Party_Identifier", "Assessment_Identifier", "Party_Role_Code", "Begin_Date", "End_Date") VALUES (3, 1, 'UW', NULL, NULL);
INSERT INTO public."Assessment_Party_Role" ("Party_Identifier", "Assessment_Identifier", "Party_Role_Code", "Begin_Date", "End_Date") VALUES (3, 2, 'UW', NULL, NULL);


--
-- Data for Name: Catastrophe; Type: TABLE DATA; Schema: public; Owner: execution-identity-rocket.demo-rocket
--

INSERT INTO public."Catastrophe" ("Catastrophe_Identifier", "Catastrophe_Type_Code", "Catastrophe_Name", "Industry_Catastrophe_Code", "Company_Catastrophe_Code") VALUES (1, NULL, 'Hurricane', NULL, NULL);
INSERT INTO public."Catastrophe" ("Catastrophe_Identifier", "Catastrophe_Type_Code", "Catastrophe_Name", "Industry_Catastrophe_Code", "Company_Catastrophe_Code") VALUES (2, NULL, 'Tornado', NULL, NULL);
INSERT INTO public."Catastrophe" ("Catastrophe_Identifier", "Catastrophe_Type_Code", "Catastrophe_Name", "Industry_Catastrophe_Code", "Company_Catastrophe_Code") VALUES (3, NULL, 'Flood', NULL, NULL);
INSERT INTO public."Catastrophe" ("Catastrophe_Identifier", "Catastrophe_Type_Code", "Catastrophe_Name", "Industry_Catastrophe_Code", "Company_Catastrophe_Code") VALUES (4, NULL, 'Fire', NULL, NULL);


--
-- Data for Name: Claim; Type: TABLE DATA; Schema: public; Owner: execution-identity-rocket.demo-rocket
--

INSERT INTO public."Claim" ("Claim_Identifier", "Catastrophe_Identifier", "Claim_Description", "Claims_Made_Date", "Company_Claim_Number", "Company_Subclaim_Number", "Insurable_Object_Identifier", "Occurrence_Identifier", "Entry_Into_Claims_Made_Program_Date", "Claim_Open_Date", "Claim_Close_Date", "Claim_Reopen_Date", "Claim_Status_Code", "Claim_Reported_Date") VALUES (1, 4, NULL, NULL, 12312701, NULL, 1, 1, NULL, '2019-01-15', '2019-01-31', NULL, NULL, NULL);
INSERT INTO public."Claim" ("Claim_Identifier", "Catastrophe_Identifier", "Claim_Description", "Claims_Made_Date", "Company_Claim_Number", "Company_Subclaim_Number", "Insurable_Object_Identifier", "Occurrence_Identifier", "Entry_Into_Claims_Made_Program_Date", "Claim_Open_Date", "Claim_Close_Date", "Claim_Reopen_Date", "Claim_Status_Code", "Claim_Reported_Date") VALUES (2, 4, NULL, NULL, 12312702, NULL, 2, 2, NULL, '2019-06-02', '2019-06-27', NULL, NULL, NULL);


--
-- Data for Name: Claim_Amount; Type: TABLE DATA; Schema: public; Owner: execution-identity-rocket.demo-rocket
--

INSERT INTO public."Claim_Amount" ("Claim_Amount_Identifier", "Claim_Identifier", "Claim_Offer_Identifier", "Amount_Type_Code", "Event_Date", "Claim_Amount", "Insurance_Type_Code") VALUES (1, 1, NULL, NULL, NULL, 1000, NULL);
INSERT INTO public."Claim_Amount" ("Claim_Amount_Identifier", "Claim_Identifier", "Claim_Offer_Identifier", "Amount_Type_Code", "Event_Date", "Claim_Amount", "Insurance_Type_Code") VALUES (2, 1, NULL, NULL, NULL, 1100, NULL);
INSERT INTO public."Claim_Amount" ("Claim_Amount_Identifier", "Claim_Identifier", "Claim_Offer_Identifier", "Amount_Type_Code", "Event_Date", "Claim_Amount", "Insurance_Type_Code") VALUES (3, 1, NULL, NULL, NULL, 1200, NULL);
INSERT INTO public."Claim_Amount" ("Claim_Amount_Identifier", "Claim_Identifier", "Claim_Offer_Identifier", "Amount_Type_Code", "Event_Date", "Claim_Amount", "Insurance_Type_Code") VALUES (4, 1, NULL, NULL, NULL, 1300, NULL);
INSERT INTO public."Claim_Amount" ("Claim_Amount_Identifier", "Claim_Identifier", "Claim_Offer_Identifier", "Amount_Type_Code", "Event_Date", "Claim_Amount", "Insurance_Type_Code") VALUES (5, 2, NULL, NULL, NULL, 2100, NULL);
INSERT INTO public."Claim_Amount" ("Claim_Amount_Identifier", "Claim_Identifier", "Claim_Offer_Identifier", "Amount_Type_Code", "Event_Date", "Claim_Amount", "Insurance_Type_Code") VALUES (6, 2, NULL, NULL, NULL, 2200, NULL);
INSERT INTO public."Claim_Amount" ("Claim_Amount_Identifier", "Claim_Identifier", "Claim_Offer_Identifier", "Amount_Type_Code", "Event_Date", "Claim_Amount", "Insurance_Type_Code") VALUES (7, 2, NULL, NULL, NULL, 2300, NULL);
INSERT INTO public."Claim_Amount" ("Claim_Amount_Identifier", "Claim_Identifier", "Claim_Offer_Identifier", "Amount_Type_Code", "Event_Date", "Claim_Amount", "Insurance_Type_Code") VALUES (8, 2, NULL, NULL, NULL, 2400, NULL);


--
-- Data for Name: Claim_Coverage; Type: TABLE DATA; Schema: public; Owner: execution-identity-rocket.demo-rocket
--

INSERT INTO public."Claim_Coverage" ("Claim_Identifier", "Effective_Date", "Policy_Coverage_Detail_Identifier") VALUES (1, '2019-01-01', 5);
INSERT INTO public."Claim_Coverage" ("Claim_Identifier", "Effective_Date", "Policy_Coverage_Detail_Identifier") VALUES (2, '2019-01-01', 5);


--
-- Data for Name: Expense_Payment; Type: TABLE DATA; Schema: public; Owner: execution-identity-rocket.demo-rocket
--

INSERT INTO public."Expense_Payment" ("Claim_Amount_Identifier") VALUES (4);
INSERT INTO public."Expense_Payment" ("Claim_Amount_Identifier") VALUES (8);


--
-- Data for Name: Expense_Payment_v2; Type: TABLE DATA; Schema: public; Owner: execution-identity-rocket.demo-rocket
--

INSERT INTO public."Expense_Payment_v2" ("Claim_Identifier", "Claim_Offer_Identifier", "Amount_Type_Code", "Event_Date", "Amount", "Insurance_Type_Code") VALUES (1, NULL, NULL, NULL, 1300, NULL);
INSERT INTO public."Expense_Payment_v2" ("Claim_Identifier", "Claim_Offer_Identifier", "Amount_Type_Code", "Event_Date", "Amount", "Insurance_Type_Code") VALUES (2, NULL, NULL, NULL, 2400, NULL);


--
-- Data for Name: Expense_Reserve; Type: TABLE DATA; Schema: public; Owner: execution-identity-rocket.demo-rocket
--

INSERT INTO public."Expense_Reserve" ("Claim_Amount_Identifier") VALUES (2);
INSERT INTO public."Expense_Reserve" ("Claim_Amount_Identifier") VALUES (6);


--
-- Data for Name: Expense_Reverse_v2; Type: TABLE DATA; Schema: public; Owner: execution-identity-rocket.demo-rocket
--

INSERT INTO public."Expense_Reverse_v2" ("Claim_Identifier", "Claim_Offer_Identifier", "Amount_Type_Code", "Event_Date", "Amount", "Insurance_Type_Code") VALUES (2, NULL, NULL, NULL, 2200, NULL);
INSERT INTO public."Expense_Reverse_v2" ("Claim_Identifier", "Claim_Offer_Identifier", "Amount_Type_Code", "Event_Date", "Amount", "Insurance_Type_Code") VALUES (1, NULL, NULL, NULL, 1100, NULL);


--
-- Data for Name: FireClaim; Type: TABLE DATA; Schema: public; Owner: execution-identity-rocket.demo-rocket
--

INSERT INTO public."FireClaim" ("PolicyNo", "ClaimNumber", "Premium", "InsuredLocation", "Loss_Ratio", "Nearest_Firestation_miles", "Number_of_Firefighters", "Fireplace", "Year_Built") VALUES (NULL, NULL, NULL, NULL, 0.8, 14, 9, 'no', 1999);
INSERT INTO public."FireClaim" ("PolicyNo", "ClaimNumber", "Premium", "InsuredLocation", "Loss_Ratio", "Nearest_Firestation_miles", "Number_of_Firefighters", "Fireplace", "Year_Built") VALUES (NULL, NULL, NULL, NULL, 1.1, 6, 9, 'no', 1988);
INSERT INTO public."FireClaim" ("PolicyNo", "ClaimNumber", "Premium", "InsuredLocation", "Loss_Ratio", "Nearest_Firestation_miles", "Number_of_Firefighters", "Fireplace", "Year_Built") VALUES (NULL, NULL, NULL, NULL, 0.6, 8, 9, 'yes', 2000);
INSERT INTO public."FireClaim" ("PolicyNo", "ClaimNumber", "Premium", "InsuredLocation", "Loss_Ratio", "Nearest_Firestation_miles", "Number_of_Firefighters", "Fireplace", "Year_Built") VALUES (NULL, NULL, NULL, NULL, 0.9, 10, 9, 'yes', 1963);
INSERT INTO public."FireClaim" ("PolicyNo", "ClaimNumber", "Premium", "InsuredLocation", "Loss_Ratio", "Nearest_Firestation_miles", "Number_of_Firefighters", "Fireplace", "Year_Built") VALUES (NULL, NULL, NULL, NULL, 1, 7, 5, 'no', 1999);
INSERT INTO public."FireClaim" ("PolicyNo", "ClaimNumber", "Premium", "InsuredLocation", "Loss_Ratio", "Nearest_Firestation_miles", "Number_of_Firefighters", "Fireplace", "Year_Built") VALUES (NULL, NULL, NULL, NULL, 0.7, 6, 5, 'no', 1983);
INSERT INTO public."FireClaim" ("PolicyNo", "ClaimNumber", "Premium", "InsuredLocation", "Loss_Ratio", "Nearest_Firestation_miles", "Number_of_Firefighters", "Fireplace", "Year_Built") VALUES (NULL, NULL, NULL, NULL, 1, 13, 5, 'yes', 1996);
INSERT INTO public."FireClaim" ("PolicyNo", "ClaimNumber", "Premium", "InsuredLocation", "Loss_Ratio", "Nearest_Firestation_miles", "Number_of_Firefighters", "Fireplace", "Year_Built") VALUES (NULL, NULL, NULL, NULL, 0.6, 7, 6, 'yes', 1982);
INSERT INTO public."FireClaim" ("PolicyNo", "ClaimNumber", "Premium", "InsuredLocation", "Loss_Ratio", "Nearest_Firestation_miles", "Number_of_Firefighters", "Fireplace", "Year_Built") VALUES (NULL, NULL, NULL, NULL, 0.4, 3, 8, 'no', 2016);
INSERT INTO public."FireClaim" ("PolicyNo", "ClaimNumber", "Premium", "InsuredLocation", "Loss_Ratio", "Nearest_Firestation_miles", "Number_of_Firefighters", "Fireplace", "Year_Built") VALUES (NULL, NULL, NULL, NULL, 0.5, 2, 8, 'no', 1975);
INSERT INTO public."FireClaim" ("PolicyNo", "ClaimNumber", "Premium", "InsuredLocation", "Loss_Ratio", "Nearest_Firestation_miles", "Number_of_Firefighters", "Fireplace", "Year_Built") VALUES (NULL, NULL, NULL, NULL, 0.4, 1, 8, 'yes', 2016);
INSERT INTO public."FireClaim" ("PolicyNo", "ClaimNumber", "Premium", "InsuredLocation", "Loss_Ratio", "Nearest_Firestation_miles", "Number_of_Firefighters", "Fireplace", "Year_Built") VALUES (NULL, NULL, NULL, NULL, 0.5, 2, 7, 'yes', 1981);
INSERT INTO public."FireClaim" ("PolicyNo", "ClaimNumber", "Premium", "InsuredLocation", "Loss_Ratio", "Nearest_Firestation_miles", "Number_of_Firefighters", "Fireplace", "Year_Built") VALUES (NULL, NULL, NULL, NULL, 0.3, 1, 6, 'no', 2006);
INSERT INTO public."FireClaim" ("PolicyNo", "ClaimNumber", "Premium", "InsuredLocation", "Loss_Ratio", "Nearest_Firestation_miles", "Number_of_Firefighters", "Fireplace", "Year_Built") VALUES (NULL, NULL, NULL, NULL, 0.1, 3, 4, 'no', 1961);
INSERT INTO public."FireClaim" ("PolicyNo", "ClaimNumber", "Premium", "InsuredLocation", "Loss_Ratio", "Nearest_Firestation_miles", "Number_of_Firefighters", "Fireplace", "Year_Built") VALUES (NULL, NULL, NULL, NULL, 0.2, 3, 4, 'yes', 2014);
INSERT INTO public."FireClaim" ("PolicyNo", "ClaimNumber", "Premium", "InsuredLocation", "Loss_Ratio", "Nearest_Firestation_miles", "Number_of_Firefighters", "Fireplace", "Year_Built") VALUES (NULL, NULL, NULL, NULL, 0.4, 3, 6, 'yes', 1971);
INSERT INTO public."FireClaim" ("PolicyNo", "ClaimNumber", "Premium", "InsuredLocation", "Loss_Ratio", "Nearest_Firestation_miles", "Number_of_Firefighters", "Fireplace", "Year_Built") VALUES (NULL, NULL, NULL, NULL, 0.7, 17, 8, 'no', 2015);
INSERT INTO public."FireClaim" ("PolicyNo", "ClaimNumber", "Premium", "InsuredLocation", "Loss_Ratio", "Nearest_Firestation_miles", "Number_of_Firefighters", "Fireplace", "Year_Built") VALUES (NULL, NULL, NULL, NULL, 0.8, 13, 9, 'no', 1989);
INSERT INTO public."FireClaim" ("PolicyNo", "ClaimNumber", "Premium", "InsuredLocation", "Loss_Ratio", "Nearest_Firestation_miles", "Number_of_Firefighters", "Fireplace", "Year_Built") VALUES (NULL, NULL, NULL, NULL, 0.8, 8, 9, 'yes', 2002);
INSERT INTO public."FireClaim" ("PolicyNo", "ClaimNumber", "Premium", "InsuredLocation", "Loss_Ratio", "Nearest_Firestation_miles", "Number_of_Firefighters", "Fireplace", "Year_Built") VALUES (NULL, NULL, NULL, NULL, 1.1, 16, 10, 'yes', 1993);
INSERT INTO public."FireClaim" ("PolicyNo", "ClaimNumber", "Premium", "InsuredLocation", "Loss_Ratio", "Nearest_Firestation_miles", "Number_of_Firefighters", "Fireplace", "Year_Built") VALUES (NULL, NULL, NULL, NULL, 1, 15, 6, 'no', 2016);
INSERT INTO public."FireClaim" ("PolicyNo", "ClaimNumber", "Premium", "InsuredLocation", "Loss_Ratio", "Nearest_Firestation_miles", "Number_of_Firefighters", "Fireplace", "Year_Built") VALUES (NULL, NULL, NULL, NULL, 0.6, 11, 5, 'no', 1994);
INSERT INTO public."FireClaim" ("PolicyNo", "ClaimNumber", "Premium", "InsuredLocation", "Loss_Ratio", "Nearest_Firestation_miles", "Number_of_Firefighters", "Fireplace", "Year_Built") VALUES (NULL, NULL, NULL, NULL, 1.1, 9, 6, 'yes', 2010);
INSERT INTO public."FireClaim" ("PolicyNo", "ClaimNumber", "Premium", "InsuredLocation", "Loss_Ratio", "Nearest_Firestation_miles", "Number_of_Firefighters", "Fireplace", "Year_Built") VALUES (NULL, NULL, NULL, NULL, 0.7, 19, 5, 'yes', 1983);
INSERT INTO public."FireClaim" ("PolicyNo", "ClaimNumber", "Premium", "InsuredLocation", "Loss_Ratio", "Nearest_Firestation_miles", "Number_of_Firefighters", "Fireplace", "Year_Built") VALUES (NULL, NULL, NULL, NULL, 0.5, 1, 9, 'no', 2007);
INSERT INTO public."FireClaim" ("PolicyNo", "ClaimNumber", "Premium", "InsuredLocation", "Loss_Ratio", "Nearest_Firestation_miles", "Number_of_Firefighters", "Fireplace", "Year_Built") VALUES (NULL, NULL, NULL, NULL, 0.1, 1, 8, 'no', 1987);
INSERT INTO public."FireClaim" ("PolicyNo", "ClaimNumber", "Premium", "InsuredLocation", "Loss_Ratio", "Nearest_Firestation_miles", "Number_of_Firefighters", "Fireplace", "Year_Built") VALUES (NULL, NULL, NULL, NULL, 0.5, 1, 8, 'yes', 2004);
INSERT INTO public."FireClaim" ("PolicyNo", "ClaimNumber", "Premium", "InsuredLocation", "Loss_Ratio", "Nearest_Firestation_miles", "Number_of_Firefighters", "Fireplace", "Year_Built") VALUES (NULL, NULL, NULL, NULL, 0.4, 2, 10, 'yes', 1970);
INSERT INTO public."FireClaim" ("PolicyNo", "ClaimNumber", "Premium", "InsuredLocation", "Loss_Ratio", "Nearest_Firestation_miles", "Number_of_Firefighters", "Fireplace", "Year_Built") VALUES (NULL, NULL, NULL, NULL, 0.1, 3, 6, 'no', 2009);
INSERT INTO public."FireClaim" ("PolicyNo", "ClaimNumber", "Premium", "InsuredLocation", "Loss_Ratio", "Nearest_Firestation_miles", "Number_of_Firefighters", "Fireplace", "Year_Built") VALUES (NULL, NULL, NULL, NULL, 0.3, 1, 6, 'no', 1983);
INSERT INTO public."FireClaim" ("PolicyNo", "ClaimNumber", "Premium", "InsuredLocation", "Loss_Ratio", "Nearest_Firestation_miles", "Number_of_Firefighters", "Fireplace", "Year_Built") VALUES (NULL, NULL, NULL, NULL, 0.2, 1, 6, 'yes', 2015);
INSERT INTO public."FireClaim" ("PolicyNo", "ClaimNumber", "Premium", "InsuredLocation", "Loss_Ratio", "Nearest_Firestation_miles", "Number_of_Firefighters", "Fireplace", "Year_Built") VALUES (NULL, NULL, NULL, NULL, 0.3, 1, 6, 'yes', 1980);
INSERT INTO public."FireClaim" ("PolicyNo", "ClaimNumber", "Premium", "InsuredLocation", "Loss_Ratio", "Nearest_Firestation_miles", "Number_of_Firefighters", "Fireplace", "Year_Built") VALUES (NULL, NULL, NULL, NULL, 0.8, 18, 10, 'no', 2001);
INSERT INTO public."FireClaim" ("PolicyNo", "ClaimNumber", "Premium", "InsuredLocation", "Loss_Ratio", "Nearest_Firestation_miles", "Number_of_Firefighters", "Fireplace", "Year_Built") VALUES (NULL, NULL, NULL, NULL, 1, 20, 7, 'no', 1966);
INSERT INTO public."FireClaim" ("PolicyNo", "ClaimNumber", "Premium", "InsuredLocation", "Loss_Ratio", "Nearest_Firestation_miles", "Number_of_Firefighters", "Fireplace", "Year_Built") VALUES (NULL, NULL, NULL, NULL, 1, 12, 7, 'yes', 2007);
INSERT INTO public."FireClaim" ("PolicyNo", "ClaimNumber", "Premium", "InsuredLocation", "Loss_Ratio", "Nearest_Firestation_miles", "Number_of_Firefighters", "Fireplace", "Year_Built") VALUES (NULL, NULL, NULL, NULL, 0.7, 20, 10, 'yes', 1992);
INSERT INTO public."FireClaim" ("PolicyNo", "ClaimNumber", "Premium", "InsuredLocation", "Loss_Ratio", "Nearest_Firestation_miles", "Number_of_Firefighters", "Fireplace", "Year_Built") VALUES (NULL, NULL, NULL, NULL, 0.6, 12, 6, 'no', 2010);
INSERT INTO public."FireClaim" ("PolicyNo", "ClaimNumber", "Premium", "InsuredLocation", "Loss_Ratio", "Nearest_Firestation_miles", "Number_of_Firefighters", "Fireplace", "Year_Built") VALUES (NULL, NULL, NULL, NULL, 0.9, 17, 5, 'no', 1977);
INSERT INTO public."FireClaim" ("PolicyNo", "ClaimNumber", "Premium", "InsuredLocation", "Loss_Ratio", "Nearest_Firestation_miles", "Number_of_Firefighters", "Fireplace", "Year_Built") VALUES (NULL, NULL, NULL, NULL, 0.8, 9, 5, 'yes', 2007);
INSERT INTO public."FireClaim" ("PolicyNo", "ClaimNumber", "Premium", "InsuredLocation", "Loss_Ratio", "Nearest_Firestation_miles", "Number_of_Firefighters", "Fireplace", "Year_Built") VALUES (NULL, NULL, NULL, NULL, 0.7, 7, 6, 'yes', 1981);
INSERT INTO public."FireClaim" ("PolicyNo", "ClaimNumber", "Premium", "InsuredLocation", "Loss_Ratio", "Nearest_Firestation_miles", "Number_of_Firefighters", "Fireplace", "Year_Built") VALUES (NULL, NULL, NULL, NULL, 0.3, 1, 9, 'no', 2011);
INSERT INTO public."FireClaim" ("PolicyNo", "ClaimNumber", "Premium", "InsuredLocation", "Loss_Ratio", "Nearest_Firestation_miles", "Number_of_Firefighters", "Fireplace", "Year_Built") VALUES (NULL, NULL, NULL, NULL, 0.1, 1, 7, 'no', 1989);
INSERT INTO public."FireClaim" ("PolicyNo", "ClaimNumber", "Premium", "InsuredLocation", "Loss_Ratio", "Nearest_Firestation_miles", "Number_of_Firefighters", "Fireplace", "Year_Built") VALUES (NULL, NULL, NULL, NULL, 0.3, 3, 10, 'yes', 1997);
INSERT INTO public."FireClaim" ("PolicyNo", "ClaimNumber", "Premium", "InsuredLocation", "Loss_Ratio", "Nearest_Firestation_miles", "Number_of_Firefighters", "Fireplace", "Year_Built") VALUES (NULL, NULL, NULL, NULL, 0.3, 2, 9, 'yes', 1964);
INSERT INTO public."FireClaim" ("PolicyNo", "ClaimNumber", "Premium", "InsuredLocation", "Loss_Ratio", "Nearest_Firestation_miles", "Number_of_Firefighters", "Fireplace", "Year_Built") VALUES (NULL, NULL, NULL, NULL, 0.4, 4, 5, 'no', 2018);
INSERT INTO public."FireClaim" ("PolicyNo", "ClaimNumber", "Premium", "InsuredLocation", "Loss_Ratio", "Nearest_Firestation_miles", "Number_of_Firefighters", "Fireplace", "Year_Built") VALUES (NULL, NULL, NULL, NULL, 0.1, 4, 5, 'no', 1965);
INSERT INTO public."FireClaim" ("PolicyNo", "ClaimNumber", "Premium", "InsuredLocation", "Loss_Ratio", "Nearest_Firestation_miles", "Number_of_Firefighters", "Fireplace", "Year_Built") VALUES (NULL, NULL, NULL, NULL, 0.3, 3, 4, 'yes', 2016);
INSERT INTO public."FireClaim" ("PolicyNo", "ClaimNumber", "Premium", "InsuredLocation", "Loss_Ratio", "Nearest_Firestation_miles", "Number_of_Firefighters", "Fireplace", "Year_Built") VALUES (NULL, NULL, NULL, NULL, 0.2, 2, 4, 'yes', 1982);
INSERT INTO public."FireClaim" ("PolicyNo", "ClaimNumber", "Premium", "InsuredLocation", "Loss_Ratio", "Nearest_Firestation_miles", "Number_of_Firefighters", "Fireplace", "Year_Built") VALUES (NULL, NULL, NULL, NULL, 1.1, 8, 8, 'no', 2015);
INSERT INTO public."FireClaim" ("PolicyNo", "ClaimNumber", "Premium", "InsuredLocation", "Loss_Ratio", "Nearest_Firestation_miles", "Number_of_Firefighters", "Fireplace", "Year_Built") VALUES (NULL, NULL, NULL, NULL, 0.8, 20, 7, 'no', 1975);
INSERT INTO public."FireClaim" ("PolicyNo", "ClaimNumber", "Premium", "InsuredLocation", "Loss_Ratio", "Nearest_Firestation_miles", "Number_of_Firefighters", "Fireplace", "Year_Built") VALUES (NULL, NULL, NULL, NULL, 1, 14, 7, 'yes', 2000);
INSERT INTO public."FireClaim" ("PolicyNo", "ClaimNumber", "Premium", "InsuredLocation", "Loss_Ratio", "Nearest_Firestation_miles", "Number_of_Firefighters", "Fireplace", "Year_Built") VALUES (NULL, NULL, NULL, NULL, 0.6, 15, 10, 'yes', 1973);
INSERT INTO public."FireClaim" ("PolicyNo", "ClaimNumber", "Premium", "InsuredLocation", "Loss_Ratio", "Nearest_Firestation_miles", "Number_of_Firefighters", "Fireplace", "Year_Built") VALUES (NULL, NULL, NULL, NULL, 0.6, 18, 5, 'no', 2015);
INSERT INTO public."FireClaim" ("PolicyNo", "ClaimNumber", "Premium", "InsuredLocation", "Loss_Ratio", "Nearest_Firestation_miles", "Number_of_Firefighters", "Fireplace", "Year_Built") VALUES (NULL, NULL, NULL, NULL, 0.8, 8, 4, 'no', 1991);
INSERT INTO public."FireClaim" ("PolicyNo", "ClaimNumber", "Premium", "InsuredLocation", "Loss_Ratio", "Nearest_Firestation_miles", "Number_of_Firefighters", "Fireplace", "Year_Built") VALUES (NULL, NULL, NULL, NULL, 0.6, 9, 4, 'yes', 2002);
INSERT INTO public."FireClaim" ("PolicyNo", "ClaimNumber", "Premium", "InsuredLocation", "Loss_Ratio", "Nearest_Firestation_miles", "Number_of_Firefighters", "Fireplace", "Year_Built") VALUES (NULL, NULL, NULL, NULL, 0.9, 8, 4, 'yes', 1983);
INSERT INTO public."FireClaim" ("PolicyNo", "ClaimNumber", "Premium", "InsuredLocation", "Loss_Ratio", "Nearest_Firestation_miles", "Number_of_Firefighters", "Fireplace", "Year_Built") VALUES (NULL, NULL, NULL, NULL, 0.4, 3, 9, 'no', 2020);
INSERT INTO public."FireClaim" ("PolicyNo", "ClaimNumber", "Premium", "InsuredLocation", "Loss_Ratio", "Nearest_Firestation_miles", "Number_of_Firefighters", "Fireplace", "Year_Built") VALUES (NULL, NULL, NULL, NULL, 0.5, 4, 8, 'no', 1984);
INSERT INTO public."FireClaim" ("PolicyNo", "ClaimNumber", "Premium", "InsuredLocation", "Loss_Ratio", "Nearest_Firestation_miles", "Number_of_Firefighters", "Fireplace", "Year_Built") VALUES (NULL, NULL, NULL, NULL, 0.1, 2, 7, 'yes', 2018);
INSERT INTO public."FireClaim" ("PolicyNo", "ClaimNumber", "Premium", "InsuredLocation", "Loss_Ratio", "Nearest_Firestation_miles", "Number_of_Firefighters", "Fireplace", "Year_Built") VALUES (NULL, NULL, NULL, NULL, 0.4, 3, 8, 'yes', 1969);
INSERT INTO public."FireClaim" ("PolicyNo", "ClaimNumber", "Premium", "InsuredLocation", "Loss_Ratio", "Nearest_Firestation_miles", "Number_of_Firefighters", "Fireplace", "Year_Built") VALUES (NULL, NULL, NULL, NULL, 0.2, 3, 4, 'no', 2000);
INSERT INTO public."FireClaim" ("PolicyNo", "ClaimNumber", "Premium", "InsuredLocation", "Loss_Ratio", "Nearest_Firestation_miles", "Number_of_Firefighters", "Fireplace", "Year_Built") VALUES (NULL, NULL, NULL, NULL, 0.3, 4, 4, 'no', 1963);
INSERT INTO public."FireClaim" ("PolicyNo", "ClaimNumber", "Premium", "InsuredLocation", "Loss_Ratio", "Nearest_Firestation_miles", "Number_of_Firefighters", "Fireplace", "Year_Built") VALUES (NULL, NULL, NULL, NULL, 0.2, 2, 6, 'yes', 2007);
INSERT INTO public."FireClaim" ("PolicyNo", "ClaimNumber", "Premium", "InsuredLocation", "Loss_Ratio", "Nearest_Firestation_miles", "Number_of_Firefighters", "Fireplace", "Year_Built") VALUES (NULL, NULL, NULL, NULL, 0.3, 4, 4, 'yes', 1994);
INSERT INTO public."FireClaim" ("PolicyNo", "ClaimNumber", "Premium", "InsuredLocation", "Loss_Ratio", "Nearest_Firestation_miles", "Number_of_Firefighters", "Fireplace", "Year_Built") VALUES (NULL, NULL, NULL, NULL, 0.8, 16, 7, 'no', 2012);
INSERT INTO public."FireClaim" ("PolicyNo", "ClaimNumber", "Premium", "InsuredLocation", "Loss_Ratio", "Nearest_Firestation_miles", "Number_of_Firefighters", "Fireplace", "Year_Built") VALUES (NULL, NULL, NULL, NULL, 0.7, 6, 9, 'no', 1968);
INSERT INTO public."FireClaim" ("PolicyNo", "ClaimNumber", "Premium", "InsuredLocation", "Loss_Ratio", "Nearest_Firestation_miles", "Number_of_Firefighters", "Fireplace", "Year_Built") VALUES (NULL, NULL, NULL, NULL, 0.7, 7, 9, 'yes', 2002);
INSERT INTO public."FireClaim" ("PolicyNo", "ClaimNumber", "Premium", "InsuredLocation", "Loss_Ratio", "Nearest_Firestation_miles", "Number_of_Firefighters", "Fireplace", "Year_Built") VALUES (NULL, NULL, NULL, NULL, 1.1, 17, 9, 'yes', 1992);
INSERT INTO public."FireClaim" ("PolicyNo", "ClaimNumber", "Premium", "InsuredLocation", "Loss_Ratio", "Nearest_Firestation_miles", "Number_of_Firefighters", "Fireplace", "Year_Built") VALUES (NULL, NULL, NULL, NULL, 0.6, 9, 6, 'no', 2006);
INSERT INTO public."FireClaim" ("PolicyNo", "ClaimNumber", "Premium", "InsuredLocation", "Loss_Ratio", "Nearest_Firestation_miles", "Number_of_Firefighters", "Fireplace", "Year_Built") VALUES (NULL, NULL, NULL, NULL, 0.9, 12, 6, 'no', 1978);
INSERT INTO public."FireClaim" ("PolicyNo", "ClaimNumber", "Premium", "InsuredLocation", "Loss_Ratio", "Nearest_Firestation_miles", "Number_of_Firefighters", "Fireplace", "Year_Built") VALUES (NULL, NULL, NULL, NULL, 1, 18, 5, 'yes', 2002);
INSERT INTO public."FireClaim" ("PolicyNo", "ClaimNumber", "Premium", "InsuredLocation", "Loss_Ratio", "Nearest_Firestation_miles", "Number_of_Firefighters", "Fireplace", "Year_Built") VALUES (NULL, NULL, NULL, NULL, 0.8, 12, 6, 'yes', 1977);
INSERT INTO public."FireClaim" ("PolicyNo", "ClaimNumber", "Premium", "InsuredLocation", "Loss_Ratio", "Nearest_Firestation_miles", "Number_of_Firefighters", "Fireplace", "Year_Built") VALUES (NULL, NULL, NULL, NULL, 0.4, 4, 7, 'no', 1998);
INSERT INTO public."FireClaim" ("PolicyNo", "ClaimNumber", "Premium", "InsuredLocation", "Loss_Ratio", "Nearest_Firestation_miles", "Number_of_Firefighters", "Fireplace", "Year_Built") VALUES (NULL, NULL, NULL, NULL, 0.2, 2, 9, 'no', 1979);
INSERT INTO public."FireClaim" ("PolicyNo", "ClaimNumber", "Premium", "InsuredLocation", "Loss_Ratio", "Nearest_Firestation_miles", "Number_of_Firefighters", "Fireplace", "Year_Built") VALUES (NULL, NULL, NULL, NULL, 0.3, 4, 10, 'yes', 2003);
INSERT INTO public."FireClaim" ("PolicyNo", "ClaimNumber", "Premium", "InsuredLocation", "Loss_Ratio", "Nearest_Firestation_miles", "Number_of_Firefighters", "Fireplace", "Year_Built") VALUES (NULL, NULL, NULL, NULL, 0.1, 3, 9, 'yes', 1992);
INSERT INTO public."FireClaim" ("PolicyNo", "ClaimNumber", "Premium", "InsuredLocation", "Loss_Ratio", "Nearest_Firestation_miles", "Number_of_Firefighters", "Fireplace", "Year_Built") VALUES (NULL, NULL, NULL, NULL, 0.4, 1, 4, 'no', 2020);
INSERT INTO public."FireClaim" ("PolicyNo", "ClaimNumber", "Premium", "InsuredLocation", "Loss_Ratio", "Nearest_Firestation_miles", "Number_of_Firefighters", "Fireplace", "Year_Built") VALUES (NULL, NULL, NULL, NULL, 0.1, 1, 5, 'no', 1990);
INSERT INTO public."FireClaim" ("PolicyNo", "ClaimNumber", "Premium", "InsuredLocation", "Loss_Ratio", "Nearest_Firestation_miles", "Number_of_Firefighters", "Fireplace", "Year_Built") VALUES (NULL, NULL, NULL, NULL, 0.2, 1, 4, 'yes', 2007);
INSERT INTO public."FireClaim" ("PolicyNo", "ClaimNumber", "Premium", "InsuredLocation", "Loss_Ratio", "Nearest_Firestation_miles", "Number_of_Firefighters", "Fireplace", "Year_Built") VALUES (NULL, NULL, NULL, NULL, 0.4, 2, 5, 'yes', 1977);
INSERT INTO public."FireClaim" ("PolicyNo", "ClaimNumber", "Premium", "InsuredLocation", "Loss_Ratio", "Nearest_Firestation_miles", "Number_of_Firefighters", "Fireplace", "Year_Built") VALUES (NULL, NULL, NULL, NULL, 0.7, 12, 8, 'no', 2018);
INSERT INTO public."FireClaim" ("PolicyNo", "ClaimNumber", "Premium", "InsuredLocation", "Loss_Ratio", "Nearest_Firestation_miles", "Number_of_Firefighters", "Fireplace", "Year_Built") VALUES (NULL, NULL, NULL, NULL, 0.6, 17, 9, 'no', 1961);
INSERT INTO public."FireClaim" ("PolicyNo", "ClaimNumber", "Premium", "InsuredLocation", "Loss_Ratio", "Nearest_Firestation_miles", "Number_of_Firefighters", "Fireplace", "Year_Built") VALUES (NULL, NULL, NULL, NULL, 1.1, 19, 8, 'yes', 2014);
INSERT INTO public."FireClaim" ("PolicyNo", "ClaimNumber", "Premium", "InsuredLocation", "Loss_Ratio", "Nearest_Firestation_miles", "Number_of_Firefighters", "Fireplace", "Year_Built") VALUES (NULL, NULL, NULL, NULL, 0.9, 13, 8, 'yes', 1968);
INSERT INTO public."FireClaim" ("PolicyNo", "ClaimNumber", "Premium", "InsuredLocation", "Loss_Ratio", "Nearest_Firestation_miles", "Number_of_Firefighters", "Fireplace", "Year_Built") VALUES (NULL, NULL, NULL, NULL, 0.6, 6, 4, 'no', 2007);
INSERT INTO public."FireClaim" ("PolicyNo", "ClaimNumber", "Premium", "InsuredLocation", "Loss_Ratio", "Nearest_Firestation_miles", "Number_of_Firefighters", "Fireplace", "Year_Built") VALUES (NULL, NULL, NULL, NULL, 0.8, 6, 5, 'no', 1964);
INSERT INTO public."FireClaim" ("PolicyNo", "ClaimNumber", "Premium", "InsuredLocation", "Loss_Ratio", "Nearest_Firestation_miles", "Number_of_Firefighters", "Fireplace", "Year_Built") VALUES (NULL, NULL, NULL, NULL, 1.1, 17, 5, 'yes', 2004);
INSERT INTO public."FireClaim" ("PolicyNo", "ClaimNumber", "Premium", "InsuredLocation", "Loss_Ratio", "Nearest_Firestation_miles", "Number_of_Firefighters", "Fireplace", "Year_Built") VALUES (NULL, NULL, NULL, NULL, 0.9, 17, 6, 'yes', 1982);
INSERT INTO public."FireClaim" ("PolicyNo", "ClaimNumber", "Premium", "InsuredLocation", "Loss_Ratio", "Nearest_Firestation_miles", "Number_of_Firefighters", "Fireplace", "Year_Built") VALUES (NULL, NULL, NULL, NULL, 0.1, 1, 7, 'no', 2008);
INSERT INTO public."FireClaim" ("PolicyNo", "ClaimNumber", "Premium", "InsuredLocation", "Loss_Ratio", "Nearest_Firestation_miles", "Number_of_Firefighters", "Fireplace", "Year_Built") VALUES (NULL, NULL, NULL, NULL, 0.5, 2, 8, 'no', 1961);
INSERT INTO public."FireClaim" ("PolicyNo", "ClaimNumber", "Premium", "InsuredLocation", "Loss_Ratio", "Nearest_Firestation_miles", "Number_of_Firefighters", "Fireplace", "Year_Built") VALUES (NULL, NULL, NULL, NULL, 0.2, 4, 7, 'yes', 1996);
INSERT INTO public."FireClaim" ("PolicyNo", "ClaimNumber", "Premium", "InsuredLocation", "Loss_Ratio", "Nearest_Firestation_miles", "Number_of_Firefighters", "Fireplace", "Year_Built") VALUES (NULL, NULL, NULL, NULL, 0.3, 2, 7, 'yes', 1982);
INSERT INTO public."FireClaim" ("PolicyNo", "ClaimNumber", "Premium", "InsuredLocation", "Loss_Ratio", "Nearest_Firestation_miles", "Number_of_Firefighters", "Fireplace", "Year_Built") VALUES (NULL, NULL, NULL, NULL, 0.2, 3, 4, 'no', 2018);
INSERT INTO public."FireClaim" ("PolicyNo", "ClaimNumber", "Premium", "InsuredLocation", "Loss_Ratio", "Nearest_Firestation_miles", "Number_of_Firefighters", "Fireplace", "Year_Built") VALUES (NULL, NULL, NULL, NULL, 0.4, 3, 6, 'no', 1994);
INSERT INTO public."FireClaim" ("PolicyNo", "ClaimNumber", "Premium", "InsuredLocation", "Loss_Ratio", "Nearest_Firestation_miles", "Number_of_Firefighters", "Fireplace", "Year_Built") VALUES (NULL, NULL, NULL, NULL, 0.5, 4, 4, 'yes', 2004);
INSERT INTO public."FireClaim" ("PolicyNo", "ClaimNumber", "Premium", "InsuredLocation", "Loss_Ratio", "Nearest_Firestation_miles", "Number_of_Firefighters", "Fireplace", "Year_Built") VALUES (NULL, NULL, NULL, NULL, 0.1, 2, 6, 'yes', 1971);
INSERT INTO public."FireClaim" ("PolicyNo", "ClaimNumber", "Premium", "InsuredLocation", "Loss_Ratio", "Nearest_Firestation_miles", "Number_of_Firefighters", "Fireplace", "Year_Built") VALUES (NULL, NULL, NULL, NULL, 0.6, 17, 7, 'no', 2004);
INSERT INTO public."FireClaim" ("PolicyNo", "ClaimNumber", "Premium", "InsuredLocation", "Loss_Ratio", "Nearest_Firestation_miles", "Number_of_Firefighters", "Fireplace", "Year_Built") VALUES (NULL, NULL, NULL, NULL, 1.1, 9, 9, 'no', 1977);
INSERT INTO public."FireClaim" ("PolicyNo", "ClaimNumber", "Premium", "InsuredLocation", "Loss_Ratio", "Nearest_Firestation_miles", "Number_of_Firefighters", "Fireplace", "Year_Built") VALUES (NULL, NULL, NULL, NULL, 0.6, 15, 10, 'yes', 2003);
INSERT INTO public."FireClaim" ("PolicyNo", "ClaimNumber", "Premium", "InsuredLocation", "Loss_Ratio", "Nearest_Firestation_miles", "Number_of_Firefighters", "Fireplace", "Year_Built") VALUES (NULL, NULL, NULL, NULL, 0.7, 8, 8, 'yes', 1962);
INSERT INTO public."FireClaim" ("PolicyNo", "ClaimNumber", "Premium", "InsuredLocation", "Loss_Ratio", "Nearest_Firestation_miles", "Number_of_Firefighters", "Fireplace", "Year_Built") VALUES (NULL, NULL, NULL, NULL, 0.6, 11, 6, 'no', 1997);
INSERT INTO public."FireClaim" ("PolicyNo", "ClaimNumber", "Premium", "InsuredLocation", "Loss_Ratio", "Nearest_Firestation_miles", "Number_of_Firefighters", "Fireplace", "Year_Built") VALUES (NULL, NULL, NULL, NULL, 0.6, 17, 6, 'no', 1988);
INSERT INTO public."FireClaim" ("PolicyNo", "ClaimNumber", "Premium", "InsuredLocation", "Loss_Ratio", "Nearest_Firestation_miles", "Number_of_Firefighters", "Fireplace", "Year_Built") VALUES (NULL, NULL, NULL, NULL, 0.7, 13, 6, 'yes', 1997);
INSERT INTO public."FireClaim" ("PolicyNo", "ClaimNumber", "Premium", "InsuredLocation", "Loss_Ratio", "Nearest_Firestation_miles", "Number_of_Firefighters", "Fireplace", "Year_Built") VALUES (NULL, NULL, NULL, NULL, 1.1, 20, 5, 'yes', 1982);
INSERT INTO public."FireClaim" ("PolicyNo", "ClaimNumber", "Premium", "InsuredLocation", "Loss_Ratio", "Nearest_Firestation_miles", "Number_of_Firefighters", "Fireplace", "Year_Built") VALUES (NULL, NULL, NULL, NULL, 0.4, 1, 9, 'no', 1997);
INSERT INTO public."FireClaim" ("PolicyNo", "ClaimNumber", "Premium", "InsuredLocation", "Loss_Ratio", "Nearest_Firestation_miles", "Number_of_Firefighters", "Fireplace", "Year_Built") VALUES (NULL, NULL, NULL, NULL, 0.1, 1, 7, 'no', 1970);
INSERT INTO public."FireClaim" ("PolicyNo", "ClaimNumber", "Premium", "InsuredLocation", "Loss_Ratio", "Nearest_Firestation_miles", "Number_of_Firefighters", "Fireplace", "Year_Built") VALUES (NULL, NULL, NULL, NULL, 0.2, 2, 10, 'yes', 2018);
INSERT INTO public."FireClaim" ("PolicyNo", "ClaimNumber", "Premium", "InsuredLocation", "Loss_Ratio", "Nearest_Firestation_miles", "Number_of_Firefighters", "Fireplace", "Year_Built") VALUES (NULL, NULL, NULL, NULL, 0.4, 1, 8, 'yes', 1989);
INSERT INTO public."FireClaim" ("PolicyNo", "ClaimNumber", "Premium", "InsuredLocation", "Loss_Ratio", "Nearest_Firestation_miles", "Number_of_Firefighters", "Fireplace", "Year_Built") VALUES (NULL, NULL, NULL, NULL, 0.2, 3, 5, 'no', 2007);
INSERT INTO public."FireClaim" ("PolicyNo", "ClaimNumber", "Premium", "InsuredLocation", "Loss_Ratio", "Nearest_Firestation_miles", "Number_of_Firefighters", "Fireplace", "Year_Built") VALUES (NULL, NULL, NULL, NULL, 0.1, 3, 5, 'no', 1993);
INSERT INTO public."FireClaim" ("PolicyNo", "ClaimNumber", "Premium", "InsuredLocation", "Loss_Ratio", "Nearest_Firestation_miles", "Number_of_Firefighters", "Fireplace", "Year_Built") VALUES (NULL, NULL, NULL, NULL, 0.4, 1, 6, 'yes', 2015);
INSERT INTO public."FireClaim" ("PolicyNo", "ClaimNumber", "Premium", "InsuredLocation", "Loss_Ratio", "Nearest_Firestation_miles", "Number_of_Firefighters", "Fireplace", "Year_Built") VALUES (NULL, NULL, NULL, NULL, 0.1, 4, 5, 'yes', 1963);
INSERT INTO public."FireClaim" ("PolicyNo", "ClaimNumber", "Premium", "InsuredLocation", "Loss_Ratio", "Nearest_Firestation_miles", "Number_of_Firefighters", "Fireplace", "Year_Built") VALUES (NULL, NULL, NULL, NULL, 0.9, 10, 9, 'no', 2017);
INSERT INTO public."FireClaim" ("PolicyNo", "ClaimNumber", "Premium", "InsuredLocation", "Loss_Ratio", "Nearest_Firestation_miles", "Number_of_Firefighters", "Fireplace", "Year_Built") VALUES (NULL, NULL, NULL, NULL, 0.6, 17, 9, 'no', 1987);
INSERT INTO public."FireClaim" ("PolicyNo", "ClaimNumber", "Premium", "InsuredLocation", "Loss_Ratio", "Nearest_Firestation_miles", "Number_of_Firefighters", "Fireplace", "Year_Built") VALUES (NULL, NULL, NULL, NULL, 0.9, 20, 10, 'yes', 1995);
INSERT INTO public."FireClaim" ("PolicyNo", "ClaimNumber", "Premium", "InsuredLocation", "Loss_Ratio", "Nearest_Firestation_miles", "Number_of_Firefighters", "Fireplace", "Year_Built") VALUES (NULL, NULL, NULL, NULL, 0.7, 5, 8, 'yes', 1963);
INSERT INTO public."FireClaim" ("PolicyNo", "ClaimNumber", "Premium", "InsuredLocation", "Loss_Ratio", "Nearest_Firestation_miles", "Number_of_Firefighters", "Fireplace", "Year_Built") VALUES (NULL, NULL, NULL, NULL, 0.6, 14, 5, 'no', 2009);
INSERT INTO public."FireClaim" ("PolicyNo", "ClaimNumber", "Premium", "InsuredLocation", "Loss_Ratio", "Nearest_Firestation_miles", "Number_of_Firefighters", "Fireplace", "Year_Built") VALUES (NULL, NULL, NULL, NULL, 1, 18, 6, 'no', 1968);
INSERT INTO public."FireClaim" ("PolicyNo", "ClaimNumber", "Premium", "InsuredLocation", "Loss_Ratio", "Nearest_Firestation_miles", "Number_of_Firefighters", "Fireplace", "Year_Built") VALUES (NULL, NULL, NULL, NULL, 0.7, 14, 5, 'yes', 2014);
INSERT INTO public."FireClaim" ("PolicyNo", "ClaimNumber", "Premium", "InsuredLocation", "Loss_Ratio", "Nearest_Firestation_miles", "Number_of_Firefighters", "Fireplace", "Year_Built") VALUES (NULL, NULL, NULL, NULL, 1.1, 5, 5, 'yes', 1986);
INSERT INTO public."FireClaim" ("PolicyNo", "ClaimNumber", "Premium", "InsuredLocation", "Loss_Ratio", "Nearest_Firestation_miles", "Number_of_Firefighters", "Fireplace", "Year_Built") VALUES (NULL, NULL, NULL, NULL, 0.4, 1, 8, 'no', 2009);
INSERT INTO public."FireClaim" ("PolicyNo", "ClaimNumber", "Premium", "InsuredLocation", "Loss_Ratio", "Nearest_Firestation_miles", "Number_of_Firefighters", "Fireplace", "Year_Built") VALUES (NULL, NULL, NULL, NULL, 0.3, 1, 9, 'no', 1993);
INSERT INTO public."FireClaim" ("PolicyNo", "ClaimNumber", "Premium", "InsuredLocation", "Loss_Ratio", "Nearest_Firestation_miles", "Number_of_Firefighters", "Fireplace", "Year_Built") VALUES (NULL, NULL, NULL, NULL, 0.3, 2, 10, 'yes', 1995);
INSERT INTO public."FireClaim" ("PolicyNo", "ClaimNumber", "Premium", "InsuredLocation", "Loss_Ratio", "Nearest_Firestation_miles", "Number_of_Firefighters", "Fireplace", "Year_Built") VALUES (NULL, NULL, NULL, NULL, 0.1, 3, 7, 'yes', 1975);
INSERT INTO public."FireClaim" ("PolicyNo", "ClaimNumber", "Premium", "InsuredLocation", "Loss_Ratio", "Nearest_Firestation_miles", "Number_of_Firefighters", "Fireplace", "Year_Built") VALUES (NULL, NULL, NULL, NULL, 0.5, 2, 5, 'no', 2013);
INSERT INTO public."FireClaim" ("PolicyNo", "ClaimNumber", "Premium", "InsuredLocation", "Loss_Ratio", "Nearest_Firestation_miles", "Number_of_Firefighters", "Fireplace", "Year_Built") VALUES (NULL, NULL, NULL, NULL, 0.4, 1, 4, 'no', 1990);
INSERT INTO public."FireClaim" ("PolicyNo", "ClaimNumber", "Premium", "InsuredLocation", "Loss_Ratio", "Nearest_Firestation_miles", "Number_of_Firefighters", "Fireplace", "Year_Built") VALUES (NULL, NULL, NULL, NULL, 0.5, 2, 6, 'yes', 2013);
INSERT INTO public."FireClaim" ("PolicyNo", "ClaimNumber", "Premium", "InsuredLocation", "Loss_Ratio", "Nearest_Firestation_miles", "Number_of_Firefighters", "Fireplace", "Year_Built") VALUES (NULL, NULL, NULL, NULL, 0.1, 2, 6, 'yes', 1980);
INSERT INTO public."FireClaim" ("PolicyNo", "ClaimNumber", "Premium", "InsuredLocation", "Loss_Ratio", "Nearest_Firestation_miles", "Number_of_Firefighters", "Fireplace", "Year_Built") VALUES (NULL, NULL, NULL, NULL, 0.7, 18, 10, 'no', 2011);
INSERT INTO public."FireClaim" ("PolicyNo", "ClaimNumber", "Premium", "InsuredLocation", "Loss_Ratio", "Nearest_Firestation_miles", "Number_of_Firefighters", "Fireplace", "Year_Built") VALUES (NULL, NULL, NULL, NULL, 0.9, 11, 9, 'no', 1964);
INSERT INTO public."FireClaim" ("PolicyNo", "ClaimNumber", "Premium", "InsuredLocation", "Loss_Ratio", "Nearest_Firestation_miles", "Number_of_Firefighters", "Fireplace", "Year_Built") VALUES (NULL, NULL, NULL, NULL, 1, 9, 7, 'yes', 2010);
INSERT INTO public."FireClaim" ("PolicyNo", "ClaimNumber", "Premium", "InsuredLocation", "Loss_Ratio", "Nearest_Firestation_miles", "Number_of_Firefighters", "Fireplace", "Year_Built") VALUES (NULL, NULL, NULL, NULL, 1, 8, 7, 'yes', 1994);
INSERT INTO public."FireClaim" ("PolicyNo", "ClaimNumber", "Premium", "InsuredLocation", "Loss_Ratio", "Nearest_Firestation_miles", "Number_of_Firefighters", "Fireplace", "Year_Built") VALUES (NULL, NULL, NULL, NULL, 0.9, 19, 6, 'no', 2015);
INSERT INTO public."FireClaim" ("PolicyNo", "ClaimNumber", "Premium", "InsuredLocation", "Loss_Ratio", "Nearest_Firestation_miles", "Number_of_Firefighters", "Fireplace", "Year_Built") VALUES (NULL, NULL, NULL, NULL, 1, 9, 6, 'no', 1966);
INSERT INTO public."FireClaim" ("PolicyNo", "ClaimNumber", "Premium", "InsuredLocation", "Loss_Ratio", "Nearest_Firestation_miles", "Number_of_Firefighters", "Fireplace", "Year_Built") VALUES (NULL, NULL, NULL, NULL, 1.1, 10, 6, 'yes', 2011);
INSERT INTO public."FireClaim" ("PolicyNo", "ClaimNumber", "Premium", "InsuredLocation", "Loss_Ratio", "Nearest_Firestation_miles", "Number_of_Firefighters", "Fireplace", "Year_Built") VALUES (NULL, NULL, NULL, NULL, 1, 11, 5, 'yes', 1977);
INSERT INTO public."FireClaim" ("PolicyNo", "ClaimNumber", "Premium", "InsuredLocation", "Loss_Ratio", "Nearest_Firestation_miles", "Number_of_Firefighters", "Fireplace", "Year_Built") VALUES (NULL, NULL, NULL, NULL, 0.5, 3, 8, 'no', 2010);
INSERT INTO public."FireClaim" ("PolicyNo", "ClaimNumber", "Premium", "InsuredLocation", "Loss_Ratio", "Nearest_Firestation_miles", "Number_of_Firefighters", "Fireplace", "Year_Built") VALUES (NULL, NULL, NULL, NULL, 0.5, 3, 7, 'no', 1964);
INSERT INTO public."FireClaim" ("PolicyNo", "ClaimNumber", "Premium", "InsuredLocation", "Loss_Ratio", "Nearest_Firestation_miles", "Number_of_Firefighters", "Fireplace", "Year_Built") VALUES (NULL, NULL, NULL, NULL, 0.1, 3, 10, 'yes', 2020);
INSERT INTO public."FireClaim" ("PolicyNo", "ClaimNumber", "Premium", "InsuredLocation", "Loss_Ratio", "Nearest_Firestation_miles", "Number_of_Firefighters", "Fireplace", "Year_Built") VALUES (NULL, NULL, NULL, NULL, 0.3, 2, 9, 'yes', 1992);
INSERT INTO public."FireClaim" ("PolicyNo", "ClaimNumber", "Premium", "InsuredLocation", "Loss_Ratio", "Nearest_Firestation_miles", "Number_of_Firefighters", "Fireplace", "Year_Built") VALUES (NULL, NULL, NULL, NULL, 0.5, 1, 6, 'no', 2009);
INSERT INTO public."FireClaim" ("PolicyNo", "ClaimNumber", "Premium", "InsuredLocation", "Loss_Ratio", "Nearest_Firestation_miles", "Number_of_Firefighters", "Fireplace", "Year_Built") VALUES (NULL, NULL, NULL, NULL, 0.2, 4, 5, 'no', 1967);
INSERT INTO public."FireClaim" ("PolicyNo", "ClaimNumber", "Premium", "InsuredLocation", "Loss_Ratio", "Nearest_Firestation_miles", "Number_of_Firefighters", "Fireplace", "Year_Built") VALUES (NULL, NULL, NULL, NULL, 0.2, 4, 5, 'yes', 2010);
INSERT INTO public."FireClaim" ("PolicyNo", "ClaimNumber", "Premium", "InsuredLocation", "Loss_Ratio", "Nearest_Firestation_miles", "Number_of_Firefighters", "Fireplace", "Year_Built") VALUES (NULL, NULL, NULL, NULL, 0.2, 3, 6, 'yes', 1981);
INSERT INTO public."FireClaim" ("PolicyNo", "ClaimNumber", "Premium", "InsuredLocation", "Loss_Ratio", "Nearest_Firestation_miles", "Number_of_Firefighters", "Fireplace", "Year_Built") VALUES (NULL, NULL, NULL, NULL, 1.1, 15, 7, 'no', 2009);
INSERT INTO public."FireClaim" ("PolicyNo", "ClaimNumber", "Premium", "InsuredLocation", "Loss_Ratio", "Nearest_Firestation_miles", "Number_of_Firefighters", "Fireplace", "Year_Built") VALUES (NULL, NULL, NULL, NULL, 0.6, 15, 8, 'no', 1979);
INSERT INTO public."FireClaim" ("PolicyNo", "ClaimNumber", "Premium", "InsuredLocation", "Loss_Ratio", "Nearest_Firestation_miles", "Number_of_Firefighters", "Fireplace", "Year_Built") VALUES (NULL, NULL, NULL, NULL, 1.1, 7, 9, 'yes', 1996);
INSERT INTO public."FireClaim" ("PolicyNo", "ClaimNumber", "Premium", "InsuredLocation", "Loss_Ratio", "Nearest_Firestation_miles", "Number_of_Firefighters", "Fireplace", "Year_Built") VALUES (NULL, NULL, NULL, NULL, 1, 5, 9, 'yes', 1960);
INSERT INTO public."FireClaim" ("PolicyNo", "ClaimNumber", "Premium", "InsuredLocation", "Loss_Ratio", "Nearest_Firestation_miles", "Number_of_Firefighters", "Fireplace", "Year_Built") VALUES (NULL, NULL, NULL, NULL, 0.8, 7, 5, 'no', 2019);
INSERT INTO public."FireClaim" ("PolicyNo", "ClaimNumber", "Premium", "InsuredLocation", "Loss_Ratio", "Nearest_Firestation_miles", "Number_of_Firefighters", "Fireplace", "Year_Built") VALUES (NULL, NULL, NULL, NULL, 1, 10, 4, 'no', 1976);
INSERT INTO public."FireClaim" ("PolicyNo", "ClaimNumber", "Premium", "InsuredLocation", "Loss_Ratio", "Nearest_Firestation_miles", "Number_of_Firefighters", "Fireplace", "Year_Built") VALUES (NULL, NULL, NULL, NULL, 0.9, 14, 6, 'yes', 2001);
INSERT INTO public."FireClaim" ("PolicyNo", "ClaimNumber", "Premium", "InsuredLocation", "Loss_Ratio", "Nearest_Firestation_miles", "Number_of_Firefighters", "Fireplace", "Year_Built") VALUES (NULL, NULL, NULL, NULL, 0.6, 6, 6, 'yes', 1972);
INSERT INTO public."FireClaim" ("PolicyNo", "ClaimNumber", "Premium", "InsuredLocation", "Loss_Ratio", "Nearest_Firestation_miles", "Number_of_Firefighters", "Fireplace", "Year_Built") VALUES (NULL, NULL, NULL, NULL, 0.3, 2, 8, 'no', 2017);
INSERT INTO public."FireClaim" ("PolicyNo", "ClaimNumber", "Premium", "InsuredLocation", "Loss_Ratio", "Nearest_Firestation_miles", "Number_of_Firefighters", "Fireplace", "Year_Built") VALUES (NULL, NULL, NULL, NULL, 0.4, 2, 8, 'no', 1971);
INSERT INTO public."FireClaim" ("PolicyNo", "ClaimNumber", "Premium", "InsuredLocation", "Loss_Ratio", "Nearest_Firestation_miles", "Number_of_Firefighters", "Fireplace", "Year_Built") VALUES (NULL, NULL, NULL, NULL, 0.1, 4, 8, 'yes', 2003);
INSERT INTO public."FireClaim" ("PolicyNo", "ClaimNumber", "Premium", "InsuredLocation", "Loss_Ratio", "Nearest_Firestation_miles", "Number_of_Firefighters", "Fireplace", "Year_Built") VALUES (NULL, NULL, NULL, NULL, 0.4, 1, 9, 'yes', 1976);
INSERT INTO public."FireClaim" ("PolicyNo", "ClaimNumber", "Premium", "InsuredLocation", "Loss_Ratio", "Nearest_Firestation_miles", "Number_of_Firefighters", "Fireplace", "Year_Built") VALUES (NULL, NULL, NULL, NULL, 0.3, 1, 6, 'no', 2014);
INSERT INTO public."FireClaim" ("PolicyNo", "ClaimNumber", "Premium", "InsuredLocation", "Loss_Ratio", "Nearest_Firestation_miles", "Number_of_Firefighters", "Fireplace", "Year_Built") VALUES (NULL, NULL, NULL, NULL, 0.1, 4, 6, 'no', 1986);
INSERT INTO public."FireClaim" ("PolicyNo", "ClaimNumber", "Premium", "InsuredLocation", "Loss_Ratio", "Nearest_Firestation_miles", "Number_of_Firefighters", "Fireplace", "Year_Built") VALUES (NULL, NULL, NULL, NULL, 0.1, 2, 6, 'yes', 1998);
INSERT INTO public."FireClaim" ("PolicyNo", "ClaimNumber", "Premium", "InsuredLocation", "Loss_Ratio", "Nearest_Firestation_miles", "Number_of_Firefighters", "Fireplace", "Year_Built") VALUES (NULL, NULL, NULL, NULL, 0.3, 2, 5, 'yes', 1978);
INSERT INTO public."FireClaim" ("PolicyNo", "ClaimNumber", "Premium", "InsuredLocation", "Loss_Ratio", "Nearest_Firestation_miles", "Number_of_Firefighters", "Fireplace", "Year_Built") VALUES (NULL, NULL, NULL, NULL, 0.8, 19, 7, 'no', 2017);
INSERT INTO public."FireClaim" ("PolicyNo", "ClaimNumber", "Premium", "InsuredLocation", "Loss_Ratio", "Nearest_Firestation_miles", "Number_of_Firefighters", "Fireplace", "Year_Built") VALUES (NULL, NULL, NULL, NULL, 0.7, 16, 10, 'no', 1989);
INSERT INTO public."FireClaim" ("PolicyNo", "ClaimNumber", "Premium", "InsuredLocation", "Loss_Ratio", "Nearest_Firestation_miles", "Number_of_Firefighters", "Fireplace", "Year_Built") VALUES (NULL, NULL, NULL, NULL, 1.1, 17, 7, 'yes', 1995);
INSERT INTO public."FireClaim" ("PolicyNo", "ClaimNumber", "Premium", "InsuredLocation", "Loss_Ratio", "Nearest_Firestation_miles", "Number_of_Firefighters", "Fireplace", "Year_Built") VALUES (NULL, NULL, NULL, NULL, 1.1, 17, 8, 'yes', 1970);
INSERT INTO public."FireClaim" ("PolicyNo", "ClaimNumber", "Premium", "InsuredLocation", "Loss_Ratio", "Nearest_Firestation_miles", "Number_of_Firefighters", "Fireplace", "Year_Built") VALUES (NULL, NULL, NULL, NULL, 0.8, 14, 6, 'no', 2008);
INSERT INTO public."FireClaim" ("PolicyNo", "ClaimNumber", "Premium", "InsuredLocation", "Loss_Ratio", "Nearest_Firestation_miles", "Number_of_Firefighters", "Fireplace", "Year_Built") VALUES (NULL, NULL, NULL, NULL, 0.6, 12, 4, 'no', 1994);
INSERT INTO public."FireClaim" ("PolicyNo", "ClaimNumber", "Premium", "InsuredLocation", "Loss_Ratio", "Nearest_Firestation_miles", "Number_of_Firefighters", "Fireplace", "Year_Built") VALUES (NULL, NULL, NULL, NULL, 0.8, 9, 5, 'yes', 2012);
INSERT INTO public."FireClaim" ("PolicyNo", "ClaimNumber", "Premium", "InsuredLocation", "Loss_Ratio", "Nearest_Firestation_miles", "Number_of_Firefighters", "Fireplace", "Year_Built") VALUES (NULL, NULL, NULL, NULL, 0.7, 18, 4, 'yes', 1979);
INSERT INTO public."FireClaim" ("PolicyNo", "ClaimNumber", "Premium", "InsuredLocation", "Loss_Ratio", "Nearest_Firestation_miles", "Number_of_Firefighters", "Fireplace", "Year_Built") VALUES (NULL, NULL, NULL, NULL, 0.5, 1, 7, 'no', 1996);
INSERT INTO public."FireClaim" ("PolicyNo", "ClaimNumber", "Premium", "InsuredLocation", "Loss_Ratio", "Nearest_Firestation_miles", "Number_of_Firefighters", "Fireplace", "Year_Built") VALUES (NULL, NULL, NULL, NULL, 0.2, 4, 7, 'no', 1966);
INSERT INTO public."FireClaim" ("PolicyNo", "ClaimNumber", "Premium", "InsuredLocation", "Loss_Ratio", "Nearest_Firestation_miles", "Number_of_Firefighters", "Fireplace", "Year_Built") VALUES (NULL, NULL, NULL, NULL, 0.5, 1, 7, 'yes', 2004);
INSERT INTO public."FireClaim" ("PolicyNo", "ClaimNumber", "Premium", "InsuredLocation", "Loss_Ratio", "Nearest_Firestation_miles", "Number_of_Firefighters", "Fireplace", "Year_Built") VALUES (NULL, NULL, NULL, NULL, 0.1, 1, 9, 'yes', 1976);
INSERT INTO public."FireClaim" ("PolicyNo", "ClaimNumber", "Premium", "InsuredLocation", "Loss_Ratio", "Nearest_Firestation_miles", "Number_of_Firefighters", "Fireplace", "Year_Built") VALUES (NULL, NULL, NULL, NULL, 0.4, 1, 4, 'no', 2001);
INSERT INTO public."FireClaim" ("PolicyNo", "ClaimNumber", "Premium", "InsuredLocation", "Loss_Ratio", "Nearest_Firestation_miles", "Number_of_Firefighters", "Fireplace", "Year_Built") VALUES (NULL, NULL, NULL, NULL, 0.5, 4, 6, 'no', 1969);
INSERT INTO public."FireClaim" ("PolicyNo", "ClaimNumber", "Premium", "InsuredLocation", "Loss_Ratio", "Nearest_Firestation_miles", "Number_of_Firefighters", "Fireplace", "Year_Built") VALUES (NULL, NULL, NULL, NULL, 0.3, 4, 5, 'yes', 2020);
INSERT INTO public."FireClaim" ("PolicyNo", "ClaimNumber", "Premium", "InsuredLocation", "Loss_Ratio", "Nearest_Firestation_miles", "Number_of_Firefighters", "Fireplace", "Year_Built") VALUES (NULL, NULL, NULL, NULL, 0.4, 1, 6, 'yes', 1984);
INSERT INTO public."FireClaim" ("PolicyNo", "ClaimNumber", "Premium", "InsuredLocation", "Loss_Ratio", "Nearest_Firestation_miles", "Number_of_Firefighters", "Fireplace", "Year_Built") VALUES (NULL, NULL, NULL, NULL, 1.1, 16, 10, 'no', 2019);
INSERT INTO public."FireClaim" ("PolicyNo", "ClaimNumber", "Premium", "InsuredLocation", "Loss_Ratio", "Nearest_Firestation_miles", "Number_of_Firefighters", "Fireplace", "Year_Built") VALUES (NULL, NULL, NULL, NULL, 0.8, 5, 10, 'no', 1977);
INSERT INTO public."FireClaim" ("PolicyNo", "ClaimNumber", "Premium", "InsuredLocation", "Loss_Ratio", "Nearest_Firestation_miles", "Number_of_Firefighters", "Fireplace", "Year_Built") VALUES (NULL, NULL, NULL, NULL, 1, 17, 9, 'yes', 2000);
INSERT INTO public."FireClaim" ("PolicyNo", "ClaimNumber", "Premium", "InsuredLocation", "Loss_Ratio", "Nearest_Firestation_miles", "Number_of_Firefighters", "Fireplace", "Year_Built") VALUES (NULL, NULL, NULL, NULL, 0.6, 5, 9, 'yes', 1972);
INSERT INTO public."FireClaim" ("PolicyNo", "ClaimNumber", "Premium", "InsuredLocation", "Loss_Ratio", "Nearest_Firestation_miles", "Number_of_Firefighters", "Fireplace", "Year_Built") VALUES (NULL, NULL, NULL, NULL, 0.8, 16, 5, 'no', 2004);
INSERT INTO public."FireClaim" ("PolicyNo", "ClaimNumber", "Premium", "InsuredLocation", "Loss_Ratio", "Nearest_Firestation_miles", "Number_of_Firefighters", "Fireplace", "Year_Built") VALUES (NULL, NULL, NULL, NULL, 0.7, 18, 5, 'no', 1971);
INSERT INTO public."FireClaim" ("PolicyNo", "ClaimNumber", "Premium", "InsuredLocation", "Loss_Ratio", "Nearest_Firestation_miles", "Number_of_Firefighters", "Fireplace", "Year_Built") VALUES (NULL, NULL, NULL, NULL, 1, 13, 6, 'yes', 1996);
INSERT INTO public."FireClaim" ("PolicyNo", "ClaimNumber", "Premium", "InsuredLocation", "Loss_Ratio", "Nearest_Firestation_miles", "Number_of_Firefighters", "Fireplace", "Year_Built") VALUES (NULL, NULL, NULL, NULL, 1, 19, 4, 'yes', 1968);
INSERT INTO public."FireClaim" ("PolicyNo", "ClaimNumber", "Premium", "InsuredLocation", "Loss_Ratio", "Nearest_Firestation_miles", "Number_of_Firefighters", "Fireplace", "Year_Built") VALUES (NULL, NULL, NULL, NULL, 0.2, 4, 9, 'no', 2014);
INSERT INTO public."FireClaim" ("PolicyNo", "ClaimNumber", "Premium", "InsuredLocation", "Loss_Ratio", "Nearest_Firestation_miles", "Number_of_Firefighters", "Fireplace", "Year_Built") VALUES (NULL, NULL, NULL, NULL, 0.5, 4, 8, 'no', 1970);
INSERT INTO public."FireClaim" ("PolicyNo", "ClaimNumber", "Premium", "InsuredLocation", "Loss_Ratio", "Nearest_Firestation_miles", "Number_of_Firefighters", "Fireplace", "Year_Built") VALUES (NULL, NULL, NULL, NULL, 0.4, 1, 9, 'yes', 1996);
INSERT INTO public."FireClaim" ("PolicyNo", "ClaimNumber", "Premium", "InsuredLocation", "Loss_Ratio", "Nearest_Firestation_miles", "Number_of_Firefighters", "Fireplace", "Year_Built") VALUES (NULL, NULL, NULL, NULL, 0.1, 1, 7, 'yes', 1961);
INSERT INTO public."FireClaim" ("PolicyNo", "ClaimNumber", "Premium", "InsuredLocation", "Loss_Ratio", "Nearest_Firestation_miles", "Number_of_Firefighters", "Fireplace", "Year_Built") VALUES (NULL, NULL, NULL, NULL, 0.4, 1, 4, 'no', 1998);
INSERT INTO public."FireClaim" ("PolicyNo", "ClaimNumber", "Premium", "InsuredLocation", "Loss_Ratio", "Nearest_Firestation_miles", "Number_of_Firefighters", "Fireplace", "Year_Built") VALUES (NULL, NULL, NULL, NULL, 0.3, 3, 5, 'no', 1980);
INSERT INTO public."FireClaim" ("PolicyNo", "ClaimNumber", "Premium", "InsuredLocation", "Loss_Ratio", "Nearest_Firestation_miles", "Number_of_Firefighters", "Fireplace", "Year_Built") VALUES (NULL, NULL, NULL, NULL, 0.4, 1, 5, 'yes', 2003);
INSERT INTO public."FireClaim" ("PolicyNo", "ClaimNumber", "Premium", "InsuredLocation", "Loss_Ratio", "Nearest_Firestation_miles", "Number_of_Firefighters", "Fireplace", "Year_Built") VALUES (NULL, NULL, NULL, NULL, 0.4, 1, 5, 'yes', 1989);
INSERT INTO public."FireClaim" ("PolicyNo", "ClaimNumber", "Premium", "InsuredLocation", "Loss_Ratio", "Nearest_Firestation_miles", "Number_of_Firefighters", "Fireplace", "Year_Built") VALUES (NULL, NULL, NULL, NULL, 1, 19, 9, 'no', 1997);
INSERT INTO public."FireClaim" ("PolicyNo", "ClaimNumber", "Premium", "InsuredLocation", "Loss_Ratio", "Nearest_Firestation_miles", "Number_of_Firefighters", "Fireplace", "Year_Built") VALUES (NULL, NULL, NULL, NULL, 0.8, 16, 10, 'no', 1967);
INSERT INTO public."FireClaim" ("PolicyNo", "ClaimNumber", "Premium", "InsuredLocation", "Loss_Ratio", "Nearest_Firestation_miles", "Number_of_Firefighters", "Fireplace", "Year_Built") VALUES (NULL, NULL, NULL, NULL, 0.6, 16, 7, 'yes', 2012);
INSERT INTO public."FireClaim" ("PolicyNo", "ClaimNumber", "Premium", "InsuredLocation", "Loss_Ratio", "Nearest_Firestation_miles", "Number_of_Firefighters", "Fireplace", "Year_Built") VALUES (NULL, NULL, NULL, NULL, 1.1, 18, 8, 'yes', 1969);
INSERT INTO public."FireClaim" ("PolicyNo", "ClaimNumber", "Premium", "InsuredLocation", "Loss_Ratio", "Nearest_Firestation_miles", "Number_of_Firefighters", "Fireplace", "Year_Built") VALUES (NULL, NULL, NULL, NULL, 0.6, 15, 4, 'no', 2008);
INSERT INTO public."FireClaim" ("PolicyNo", "ClaimNumber", "Premium", "InsuredLocation", "Loss_Ratio", "Nearest_Firestation_miles", "Number_of_Firefighters", "Fireplace", "Year_Built") VALUES (NULL, NULL, NULL, NULL, 1.1, 14, 5, 'no', 1971);
INSERT INTO public."FireClaim" ("PolicyNo", "ClaimNumber", "Premium", "InsuredLocation", "Loss_Ratio", "Nearest_Firestation_miles", "Number_of_Firefighters", "Fireplace", "Year_Built") VALUES (NULL, NULL, NULL, NULL, 0.8, 10, 4, 'yes', 1996);
INSERT INTO public."FireClaim" ("PolicyNo", "ClaimNumber", "Premium", "InsuredLocation", "Loss_Ratio", "Nearest_Firestation_miles", "Number_of_Firefighters", "Fireplace", "Year_Built") VALUES (NULL, NULL, NULL, NULL, 0.9, 10, 5, 'yes', 1967);
INSERT INTO public."FireClaim" ("PolicyNo", "ClaimNumber", "Premium", "InsuredLocation", "Loss_Ratio", "Nearest_Firestation_miles", "Number_of_Firefighters", "Fireplace", "Year_Built") VALUES (NULL, NULL, NULL, NULL, 0.5, 2, 9, 'no', 2001);
INSERT INTO public."FireClaim" ("PolicyNo", "ClaimNumber", "Premium", "InsuredLocation", "Loss_Ratio", "Nearest_Firestation_miles", "Number_of_Firefighters", "Fireplace", "Year_Built") VALUES (NULL, NULL, NULL, NULL, 0.1, 3, 7, 'no', 1986);
INSERT INTO public."FireClaim" ("PolicyNo", "ClaimNumber", "Premium", "InsuredLocation", "Loss_Ratio", "Nearest_Firestation_miles", "Number_of_Firefighters", "Fireplace", "Year_Built") VALUES (NULL, NULL, NULL, NULL, 0.2, 3, 8, 'yes', 1996);
INSERT INTO public."FireClaim" ("PolicyNo", "ClaimNumber", "Premium", "InsuredLocation", "Loss_Ratio", "Nearest_Firestation_miles", "Number_of_Firefighters", "Fireplace", "Year_Built") VALUES (NULL, NULL, NULL, NULL, 0.3, 3, 9, 'yes', 1968);
INSERT INTO public."FireClaim" ("PolicyNo", "ClaimNumber", "Premium", "InsuredLocation", "Loss_Ratio", "Nearest_Firestation_miles", "Number_of_Firefighters", "Fireplace", "Year_Built") VALUES (NULL, NULL, NULL, NULL, 0.2, 1, 6, 'no', 1998);
INSERT INTO public."FireClaim" ("PolicyNo", "ClaimNumber", "Premium", "InsuredLocation", "Loss_Ratio", "Nearest_Firestation_miles", "Number_of_Firefighters", "Fireplace", "Year_Built") VALUES (NULL, NULL, NULL, NULL, 0.4, 2, 4, 'no', 1976);
INSERT INTO public."FireClaim" ("PolicyNo", "ClaimNumber", "Premium", "InsuredLocation", "Loss_Ratio", "Nearest_Firestation_miles", "Number_of_Firefighters", "Fireplace", "Year_Built") VALUES (NULL, NULL, NULL, NULL, 0.1, 2, 6, 'yes', 2003);
INSERT INTO public."FireClaim" ("PolicyNo", "ClaimNumber", "Premium", "InsuredLocation", "Loss_Ratio", "Nearest_Firestation_miles", "Number_of_Firefighters", "Fireplace", "Year_Built") VALUES (NULL, NULL, NULL, NULL, 0.2, 4, 4, 'yes', 1969);
INSERT INTO public."FireClaim" ("PolicyNo", "ClaimNumber", "Premium", "InsuredLocation", "Loss_Ratio", "Nearest_Firestation_miles", "Number_of_Firefighters", "Fireplace", "Year_Built") VALUES (NULL, NULL, NULL, NULL, 0.6, 18, 7, 'no', 2011);
INSERT INTO public."FireClaim" ("PolicyNo", "ClaimNumber", "Premium", "InsuredLocation", "Loss_Ratio", "Nearest_Firestation_miles", "Number_of_Firefighters", "Fireplace", "Year_Built") VALUES (NULL, NULL, NULL, NULL, 0.7, 12, 10, 'no', 1994);
INSERT INTO public."FireClaim" ("PolicyNo", "ClaimNumber", "Premium", "InsuredLocation", "Loss_Ratio", "Nearest_Firestation_miles", "Number_of_Firefighters", "Fireplace", "Year_Built") VALUES (NULL, NULL, NULL, NULL, 1, 16, 7, 'yes', 2020);
INSERT INTO public."FireClaim" ("PolicyNo", "ClaimNumber", "Premium", "InsuredLocation", "Loss_Ratio", "Nearest_Firestation_miles", "Number_of_Firefighters", "Fireplace", "Year_Built") VALUES (NULL, NULL, NULL, NULL, 0.6, 16, 10, 'yes', 1966);
INSERT INTO public."FireClaim" ("PolicyNo", "ClaimNumber", "Premium", "InsuredLocation", "Loss_Ratio", "Nearest_Firestation_miles", "Number_of_Firefighters", "Fireplace", "Year_Built") VALUES (NULL, NULL, NULL, NULL, 1, 8, 4, 'no', 2009);
INSERT INTO public."FireClaim" ("PolicyNo", "ClaimNumber", "Premium", "InsuredLocation", "Loss_Ratio", "Nearest_Firestation_miles", "Number_of_Firefighters", "Fireplace", "Year_Built") VALUES (NULL, NULL, NULL, NULL, 1.1, 16, 4, 'no', 1970);
INSERT INTO public."FireClaim" ("PolicyNo", "ClaimNumber", "Premium", "InsuredLocation", "Loss_Ratio", "Nearest_Firestation_miles", "Number_of_Firefighters", "Fireplace", "Year_Built") VALUES (NULL, NULL, NULL, NULL, 0.8, 15, 6, 'yes', 2009);
INSERT INTO public."FireClaim" ("PolicyNo", "ClaimNumber", "Premium", "InsuredLocation", "Loss_Ratio", "Nearest_Firestation_miles", "Number_of_Firefighters", "Fireplace", "Year_Built") VALUES (NULL, NULL, NULL, NULL, 0.8, 13, 4, 'yes', 1972);
INSERT INTO public."FireClaim" ("PolicyNo", "ClaimNumber", "Premium", "InsuredLocation", "Loss_Ratio", "Nearest_Firestation_miles", "Number_of_Firefighters", "Fireplace", "Year_Built") VALUES (NULL, NULL, NULL, NULL, 0.4, 1, 8, 'no', 1996);
INSERT INTO public."FireClaim" ("PolicyNo", "ClaimNumber", "Premium", "InsuredLocation", "Loss_Ratio", "Nearest_Firestation_miles", "Number_of_Firefighters", "Fireplace", "Year_Built") VALUES (NULL, NULL, NULL, NULL, 0.2, 3, 10, 'no', 1990);
INSERT INTO public."FireClaim" ("PolicyNo", "ClaimNumber", "Premium", "InsuredLocation", "Loss_Ratio", "Nearest_Firestation_miles", "Number_of_Firefighters", "Fireplace", "Year_Built") VALUES (NULL, NULL, NULL, NULL, 0.1, 3, 10, 'yes', 1999);
INSERT INTO public."FireClaim" ("PolicyNo", "ClaimNumber", "Premium", "InsuredLocation", "Loss_Ratio", "Nearest_Firestation_miles", "Number_of_Firefighters", "Fireplace", "Year_Built") VALUES (NULL, NULL, NULL, NULL, 0.4, 4, 9, 'yes', 1991);
INSERT INTO public."FireClaim" ("PolicyNo", "ClaimNumber", "Premium", "InsuredLocation", "Loss_Ratio", "Nearest_Firestation_miles", "Number_of_Firefighters", "Fireplace", "Year_Built") VALUES (NULL, NULL, NULL, NULL, 0.3, 2, 4, 'no', 2006);
INSERT INTO public."FireClaim" ("PolicyNo", "ClaimNumber", "Premium", "InsuredLocation", "Loss_Ratio", "Nearest_Firestation_miles", "Number_of_Firefighters", "Fireplace", "Year_Built") VALUES (NULL, NULL, NULL, NULL, 0.5, 4, 5, 'no', 1984);
INSERT INTO public."FireClaim" ("PolicyNo", "ClaimNumber", "Premium", "InsuredLocation", "Loss_Ratio", "Nearest_Firestation_miles", "Number_of_Firefighters", "Fireplace", "Year_Built") VALUES (NULL, NULL, NULL, NULL, 0.2, 3, 5, 'yes', 1999);
INSERT INTO public."FireClaim" ("PolicyNo", "ClaimNumber", "Premium", "InsuredLocation", "Loss_Ratio", "Nearest_Firestation_miles", "Number_of_Firefighters", "Fireplace", "Year_Built") VALUES (NULL, NULL, NULL, NULL, 0.5, 2, 5, 'yes', 1985);
INSERT INTO public."FireClaim" ("PolicyNo", "ClaimNumber", "Premium", "InsuredLocation", "Loss_Ratio", "Nearest_Firestation_miles", "Number_of_Firefighters", "Fireplace", "Year_Built") VALUES (NULL, NULL, NULL, NULL, 0.9, 10, 10, 'no', 1997);
INSERT INTO public."FireClaim" ("PolicyNo", "ClaimNumber", "Premium", "InsuredLocation", "Loss_Ratio", "Nearest_Firestation_miles", "Number_of_Firefighters", "Fireplace", "Year_Built") VALUES (NULL, NULL, NULL, NULL, 0.6, 12, 8, 'no', 1962);
INSERT INTO public."FireClaim" ("PolicyNo", "ClaimNumber", "Premium", "InsuredLocation", "Loss_Ratio", "Nearest_Firestation_miles", "Number_of_Firefighters", "Fireplace", "Year_Built") VALUES (NULL, NULL, NULL, NULL, 0.9, 11, 7, 'yes', 2014);
INSERT INTO public."FireClaim" ("PolicyNo", "ClaimNumber", "Premium", "InsuredLocation", "Loss_Ratio", "Nearest_Firestation_miles", "Number_of_Firefighters", "Fireplace", "Year_Built") VALUES (NULL, NULL, NULL, NULL, 0.9, 11, 9, 'yes', 1976);
INSERT INTO public."FireClaim" ("PolicyNo", "ClaimNumber", "Premium", "InsuredLocation", "Loss_Ratio", "Nearest_Firestation_miles", "Number_of_Firefighters", "Fireplace", "Year_Built") VALUES (NULL, NULL, NULL, NULL, 0.7, 14, 6, 'no', 1996);
INSERT INTO public."FireClaim" ("PolicyNo", "ClaimNumber", "Premium", "InsuredLocation", "Loss_Ratio", "Nearest_Firestation_miles", "Number_of_Firefighters", "Fireplace", "Year_Built") VALUES (NULL, NULL, NULL, NULL, 0.9, 18, 4, 'no', 1969);
INSERT INTO public."FireClaim" ("PolicyNo", "ClaimNumber", "Premium", "InsuredLocation", "Loss_Ratio", "Nearest_Firestation_miles", "Number_of_Firefighters", "Fireplace", "Year_Built") VALUES (NULL, NULL, NULL, NULL, 1, 16, 5, 'yes', 2000);
INSERT INTO public."FireClaim" ("PolicyNo", "ClaimNumber", "Premium", "InsuredLocation", "Loss_Ratio", "Nearest_Firestation_miles", "Number_of_Firefighters", "Fireplace", "Year_Built") VALUES (NULL, NULL, NULL, NULL, 0.6, 9, 6, 'yes', 1990);
INSERT INTO public."FireClaim" ("PolicyNo", "ClaimNumber", "Premium", "InsuredLocation", "Loss_Ratio", "Nearest_Firestation_miles", "Number_of_Firefighters", "Fireplace", "Year_Built") VALUES (NULL, NULL, NULL, NULL, 0.3, 2, 10, 'no', 2012);
INSERT INTO public."FireClaim" ("PolicyNo", "ClaimNumber", "Premium", "InsuredLocation", "Loss_Ratio", "Nearest_Firestation_miles", "Number_of_Firefighters", "Fireplace", "Year_Built") VALUES (NULL, NULL, NULL, NULL, 0.5, 1, 9, 'no', 1978);
INSERT INTO public."FireClaim" ("PolicyNo", "ClaimNumber", "Premium", "InsuredLocation", "Loss_Ratio", "Nearest_Firestation_miles", "Number_of_Firefighters", "Fireplace", "Year_Built") VALUES (NULL, NULL, NULL, NULL, 0.2, 1, 8, 'yes', 2013);
INSERT INTO public."FireClaim" ("PolicyNo", "ClaimNumber", "Premium", "InsuredLocation", "Loss_Ratio", "Nearest_Firestation_miles", "Number_of_Firefighters", "Fireplace", "Year_Built") VALUES (NULL, NULL, NULL, NULL, 0.5, 1, 9, 'yes', 1971);
INSERT INTO public."FireClaim" ("PolicyNo", "ClaimNumber", "Premium", "InsuredLocation", "Loss_Ratio", "Nearest_Firestation_miles", "Number_of_Firefighters", "Fireplace", "Year_Built") VALUES (NULL, NULL, NULL, NULL, 0.1, 4, 5, 'no', 2005);
INSERT INTO public."FireClaim" ("PolicyNo", "ClaimNumber", "Premium", "InsuredLocation", "Loss_Ratio", "Nearest_Firestation_miles", "Number_of_Firefighters", "Fireplace", "Year_Built") VALUES (NULL, NULL, NULL, NULL, 0.5, 1, 6, 'no', 1963);
INSERT INTO public."FireClaim" ("PolicyNo", "ClaimNumber", "Premium", "InsuredLocation", "Loss_Ratio", "Nearest_Firestation_miles", "Number_of_Firefighters", "Fireplace", "Year_Built") VALUES (NULL, NULL, NULL, NULL, 0.5, 4, 6, 'yes', 2001);
INSERT INTO public."FireClaim" ("PolicyNo", "ClaimNumber", "Premium", "InsuredLocation", "Loss_Ratio", "Nearest_Firestation_miles", "Number_of_Firefighters", "Fireplace", "Year_Built") VALUES (NULL, NULL, NULL, NULL, 0.1, 4, 5, 'yes', 1979);
INSERT INTO public."FireClaim" ("PolicyNo", "ClaimNumber", "Premium", "InsuredLocation", "Loss_Ratio", "Nearest_Firestation_miles", "Number_of_Firefighters", "Fireplace", "Year_Built") VALUES (NULL, NULL, NULL, NULL, 0.7, 12, 10, 'no', 2006);
INSERT INTO public."FireClaim" ("PolicyNo", "ClaimNumber", "Premium", "InsuredLocation", "Loss_Ratio", "Nearest_Firestation_miles", "Number_of_Firefighters", "Fireplace", "Year_Built") VALUES (NULL, NULL, NULL, NULL, 1.1, 7, 10, 'no', 1978);
INSERT INTO public."FireClaim" ("PolicyNo", "ClaimNumber", "Premium", "InsuredLocation", "Loss_Ratio", "Nearest_Firestation_miles", "Number_of_Firefighters", "Fireplace", "Year_Built") VALUES (NULL, NULL, NULL, NULL, 0.6, 12, 10, 'yes', 2010);
INSERT INTO public."FireClaim" ("PolicyNo", "ClaimNumber", "Premium", "InsuredLocation", "Loss_Ratio", "Nearest_Firestation_miles", "Number_of_Firefighters", "Fireplace", "Year_Built") VALUES (NULL, NULL, NULL, NULL, 1, 16, 7, 'yes', 1974);
INSERT INTO public."FireClaim" ("PolicyNo", "ClaimNumber", "Premium", "InsuredLocation", "Loss_Ratio", "Nearest_Firestation_miles", "Number_of_Firefighters", "Fireplace", "Year_Built") VALUES (NULL, NULL, NULL, NULL, 0.6, 13, 5, 'no', 2009);
INSERT INTO public."FireClaim" ("PolicyNo", "ClaimNumber", "Premium", "InsuredLocation", "Loss_Ratio", "Nearest_Firestation_miles", "Number_of_Firefighters", "Fireplace", "Year_Built") VALUES (NULL, NULL, NULL, NULL, 0.6, 5, 6, 'no', 1988);
INSERT INTO public."FireClaim" ("PolicyNo", "ClaimNumber", "Premium", "InsuredLocation", "Loss_Ratio", "Nearest_Firestation_miles", "Number_of_Firefighters", "Fireplace", "Year_Built") VALUES (NULL, NULL, NULL, NULL, 1, 18, 4, 'yes', 2003);
INSERT INTO public."FireClaim" ("PolicyNo", "ClaimNumber", "Premium", "InsuredLocation", "Loss_Ratio", "Nearest_Firestation_miles", "Number_of_Firefighters", "Fireplace", "Year_Built") VALUES (NULL, NULL, NULL, NULL, 0.7, 7, 4, 'yes', 1981);
INSERT INTO public."FireClaim" ("PolicyNo", "ClaimNumber", "Premium", "InsuredLocation", "Loss_Ratio", "Nearest_Firestation_miles", "Number_of_Firefighters", "Fireplace", "Year_Built") VALUES (NULL, NULL, NULL, NULL, 0.5, 4, 10, 'no', 2017);
INSERT INTO public."FireClaim" ("PolicyNo", "ClaimNumber", "Premium", "InsuredLocation", "Loss_Ratio", "Nearest_Firestation_miles", "Number_of_Firefighters", "Fireplace", "Year_Built") VALUES (NULL, NULL, NULL, NULL, 0.4, 1, 10, 'no', 1987);
INSERT INTO public."FireClaim" ("PolicyNo", "ClaimNumber", "Premium", "InsuredLocation", "Loss_Ratio", "Nearest_Firestation_miles", "Number_of_Firefighters", "Fireplace", "Year_Built") VALUES (NULL, NULL, NULL, NULL, 0.4, 1, 10, 'yes', 2005);
INSERT INTO public."FireClaim" ("PolicyNo", "ClaimNumber", "Premium", "InsuredLocation", "Loss_Ratio", "Nearest_Firestation_miles", "Number_of_Firefighters", "Fireplace", "Year_Built") VALUES (NULL, NULL, NULL, NULL, 0.4, 4, 7, 'yes', 1981);
INSERT INTO public."FireClaim" ("PolicyNo", "ClaimNumber", "Premium", "InsuredLocation", "Loss_Ratio", "Nearest_Firestation_miles", "Number_of_Firefighters", "Fireplace", "Year_Built") VALUES (NULL, NULL, NULL, NULL, 0.1, 2, 4, 'no', 2003);
INSERT INTO public."FireClaim" ("PolicyNo", "ClaimNumber", "Premium", "InsuredLocation", "Loss_Ratio", "Nearest_Firestation_miles", "Number_of_Firefighters", "Fireplace", "Year_Built") VALUES (NULL, NULL, NULL, NULL, 0.4, 1, 5, 'no', 1984);
INSERT INTO public."FireClaim" ("PolicyNo", "ClaimNumber", "Premium", "InsuredLocation", "Loss_Ratio", "Nearest_Firestation_miles", "Number_of_Firefighters", "Fireplace", "Year_Built") VALUES (NULL, NULL, NULL, NULL, 0.3, 2, 4, 'yes', 1995);
INSERT INTO public."FireClaim" ("PolicyNo", "ClaimNumber", "Premium", "InsuredLocation", "Loss_Ratio", "Nearest_Firestation_miles", "Number_of_Firefighters", "Fireplace", "Year_Built") VALUES (NULL, NULL, NULL, NULL, 0.4, 3, 6, 'yes', 1969);
INSERT INTO public."FireClaim" ("PolicyNo", "ClaimNumber", "Premium", "InsuredLocation", "Loss_Ratio", "Nearest_Firestation_miles", "Number_of_Firefighters", "Fireplace", "Year_Built") VALUES (NULL, NULL, NULL, NULL, 1, 15, 10, 'yes', 2013);
INSERT INTO public."FireClaim" ("PolicyNo", "ClaimNumber", "Premium", "InsuredLocation", "Loss_Ratio", "Nearest_Firestation_miles", "Number_of_Firefighters", "Fireplace", "Year_Built") VALUES (NULL, NULL, NULL, NULL, 0.8, 8, 10, 'yes', 1970);
INSERT INTO public."FireClaim" ("PolicyNo", "ClaimNumber", "Premium", "InsuredLocation", "Loss_Ratio", "Nearest_Firestation_miles", "Number_of_Firefighters", "Fireplace", "Year_Built") VALUES (NULL, NULL, NULL, NULL, 1, 13, 10, 'yes', 1971);
INSERT INTO public."FireClaim" ("PolicyNo", "ClaimNumber", "Premium", "InsuredLocation", "Loss_Ratio", "Nearest_Firestation_miles", "Number_of_Firefighters", "Fireplace", "Year_Built") VALUES (NULL, NULL, NULL, NULL, 1, 8, 10, 'yes', 1994);
INSERT INTO public."FireClaim" ("PolicyNo", "ClaimNumber", "Premium", "InsuredLocation", "Loss_Ratio", "Nearest_Firestation_miles", "Number_of_Firefighters", "Fireplace", "Year_Built") VALUES (NULL, NULL, NULL, NULL, 0.7, 13, 7, 'yes', 2004);
INSERT INTO public."FireClaim" ("PolicyNo", "ClaimNumber", "Premium", "InsuredLocation", "Loss_Ratio", "Nearest_Firestation_miles", "Number_of_Firefighters", "Fireplace", "Year_Built") VALUES (NULL, NULL, NULL, NULL, 0.7, 6, 8, 'yes', 1986);
INSERT INTO public."FireClaim" ("PolicyNo", "ClaimNumber", "Premium", "InsuredLocation", "Loss_Ratio", "Nearest_Firestation_miles", "Number_of_Firefighters", "Fireplace", "Year_Built") VALUES (NULL, NULL, NULL, NULL, 0.7, 19, 10, 'yes', 1983);
INSERT INTO public."FireClaim" ("PolicyNo", "ClaimNumber", "Premium", "InsuredLocation", "Loss_Ratio", "Nearest_Firestation_miles", "Number_of_Firefighters", "Fireplace", "Year_Built") VALUES (NULL, NULL, NULL, NULL, 0.7, 11, 9, 'yes', 1982);
INSERT INTO public."FireClaim" ("PolicyNo", "ClaimNumber", "Premium", "InsuredLocation", "Loss_Ratio", "Nearest_Firestation_miles", "Number_of_Firefighters", "Fireplace", "Year_Built") VALUES (NULL, NULL, NULL, NULL, 0.7, 8, 10, 'yes', 1998);
INSERT INTO public."FireClaim" ("PolicyNo", "ClaimNumber", "Premium", "InsuredLocation", "Loss_Ratio", "Nearest_Firestation_miles", "Number_of_Firefighters", "Fireplace", "Year_Built") VALUES (NULL, NULL, NULL, NULL, 0.7, 6, 7, 'yes', 1963);
INSERT INTO public."FireClaim" ("PolicyNo", "ClaimNumber", "Premium", "InsuredLocation", "Loss_Ratio", "Nearest_Firestation_miles", "Number_of_Firefighters", "Fireplace", "Year_Built") VALUES (NULL, NULL, NULL, NULL, 0.6, 15, 8, 'yes', 1970);
INSERT INTO public."FireClaim" ("PolicyNo", "ClaimNumber", "Premium", "InsuredLocation", "Loss_Ratio", "Nearest_Firestation_miles", "Number_of_Firefighters", "Fireplace", "Year_Built") VALUES (NULL, NULL, NULL, NULL, 0.6, 14, 8, 'yes', 1988);
INSERT INTO public."FireClaim" ("PolicyNo", "ClaimNumber", "Premium", "InsuredLocation", "Loss_Ratio", "Nearest_Firestation_miles", "Number_of_Firefighters", "Fireplace", "Year_Built") VALUES (NULL, NULL, NULL, NULL, 1.1, 20, 7, 'yes', 1998);
INSERT INTO public."FireClaim" ("PolicyNo", "ClaimNumber", "Premium", "InsuredLocation", "Loss_Ratio", "Nearest_Firestation_miles", "Number_of_Firefighters", "Fireplace", "Year_Built") VALUES (NULL, NULL, NULL, NULL, 1.1, 6, 9, 'yes', 1989);
INSERT INTO public."FireClaim" ("PolicyNo", "ClaimNumber", "Premium", "InsuredLocation", "Loss_Ratio", "Nearest_Firestation_miles", "Number_of_Firefighters", "Fireplace", "Year_Built") VALUES (NULL, NULL, NULL, NULL, 1, 11, 10, 'yes', 1981);
INSERT INTO public."FireClaim" ("PolicyNo", "ClaimNumber", "Premium", "InsuredLocation", "Loss_Ratio", "Nearest_Firestation_miles", "Number_of_Firefighters", "Fireplace", "Year_Built") VALUES (NULL, NULL, NULL, NULL, 0.9, 14, 8, 'yes', 1972);
INSERT INTO public."FireClaim" ("PolicyNo", "ClaimNumber", "Premium", "InsuredLocation", "Loss_Ratio", "Nearest_Firestation_miles", "Number_of_Firefighters", "Fireplace", "Year_Built") VALUES (NULL, NULL, NULL, NULL, 0.9, 9, 10, 'yes', 2005);
INSERT INTO public."FireClaim" ("PolicyNo", "ClaimNumber", "Premium", "InsuredLocation", "Loss_Ratio", "Nearest_Firestation_miles", "Number_of_Firefighters", "Fireplace", "Year_Built") VALUES (NULL, NULL, NULL, NULL, 0.7, 8, 7, 'yes', 1970);
INSERT INTO public."FireClaim" ("PolicyNo", "ClaimNumber", "Premium", "InsuredLocation", "Loss_Ratio", "Nearest_Firestation_miles", "Number_of_Firefighters", "Fireplace", "Year_Built") VALUES (NULL, NULL, NULL, NULL, 0.6, 20, 8, 'yes', 1966);
INSERT INTO public."FireClaim" ("PolicyNo", "ClaimNumber", "Premium", "InsuredLocation", "Loss_Ratio", "Nearest_Firestation_miles", "Number_of_Firefighters", "Fireplace", "Year_Built") VALUES (NULL, NULL, NULL, NULL, 0.8, 12, 9, 'yes', 1985);
INSERT INTO public."FireClaim" ("PolicyNo", "ClaimNumber", "Premium", "InsuredLocation", "Loss_Ratio", "Nearest_Firestation_miles", "Number_of_Firefighters", "Fireplace", "Year_Built") VALUES (NULL, NULL, NULL, NULL, 0.9, 8, 8, 'yes', 2001);
INSERT INTO public."FireClaim" ("PolicyNo", "ClaimNumber", "Premium", "InsuredLocation", "Loss_Ratio", "Nearest_Firestation_miles", "Number_of_Firefighters", "Fireplace", "Year_Built") VALUES (NULL, NULL, NULL, NULL, 1, 18, 9, 'yes', 1981);
INSERT INTO public."FireClaim" ("PolicyNo", "ClaimNumber", "Premium", "InsuredLocation", "Loss_Ratio", "Nearest_Firestation_miles", "Number_of_Firefighters", "Fireplace", "Year_Built") VALUES (NULL, NULL, NULL, NULL, 0.9, 16, 9, 'yes', 1973);
INSERT INTO public."FireClaim" ("PolicyNo", "ClaimNumber", "Premium", "InsuredLocation", "Loss_Ratio", "Nearest_Firestation_miles", "Number_of_Firefighters", "Fireplace", "Year_Built") VALUES (NULL, NULL, NULL, NULL, 0.7, 13, 10, 'yes', 1990);
INSERT INTO public."FireClaim" ("PolicyNo", "ClaimNumber", "Premium", "InsuredLocation", "Loss_Ratio", "Nearest_Firestation_miles", "Number_of_Firefighters", "Fireplace", "Year_Built") VALUES (NULL, NULL, NULL, NULL, 0.8, 7, 10, 'yes', 2016);
INSERT INTO public."FireClaim" ("PolicyNo", "ClaimNumber", "Premium", "InsuredLocation", "Loss_Ratio", "Nearest_Firestation_miles", "Number_of_Firefighters", "Fireplace", "Year_Built") VALUES (NULL, NULL, NULL, NULL, 0.7, 19, 8, 'yes', 1986);
INSERT INTO public."FireClaim" ("PolicyNo", "ClaimNumber", "Premium", "InsuredLocation", "Loss_Ratio", "Nearest_Firestation_miles", "Number_of_Firefighters", "Fireplace", "Year_Built") VALUES (NULL, NULL, NULL, NULL, 0.9, 10, 8, 'yes', 1988);
INSERT INTO public."FireClaim" ("PolicyNo", "ClaimNumber", "Premium", "InsuredLocation", "Loss_Ratio", "Nearest_Firestation_miles", "Number_of_Firefighters", "Fireplace", "Year_Built") VALUES (NULL, NULL, NULL, NULL, 0.8, 15, 10, 'yes', 1990);
INSERT INTO public."FireClaim" ("PolicyNo", "ClaimNumber", "Premium", "InsuredLocation", "Loss_Ratio", "Nearest_Firestation_miles", "Number_of_Firefighters", "Fireplace", "Year_Built") VALUES (NULL, NULL, NULL, NULL, 0.6, 11, 10, 'yes', 2003);
INSERT INTO public."FireClaim" ("PolicyNo", "ClaimNumber", "Premium", "InsuredLocation", "Loss_Ratio", "Nearest_Firestation_miles", "Number_of_Firefighters", "Fireplace", "Year_Built") VALUES (NULL, NULL, NULL, NULL, 1.1, 20, 9, 'yes', 1976);
INSERT INTO public."FireClaim" ("PolicyNo", "ClaimNumber", "Premium", "InsuredLocation", "Loss_Ratio", "Nearest_Firestation_miles", "Number_of_Firefighters", "Fireplace", "Year_Built") VALUES (NULL, NULL, NULL, NULL, 0.9, 16, 8, 'yes', 1974);
INSERT INTO public."FireClaim" ("PolicyNo", "ClaimNumber", "Premium", "InsuredLocation", "Loss_Ratio", "Nearest_Firestation_miles", "Number_of_Firefighters", "Fireplace", "Year_Built") VALUES (NULL, NULL, NULL, NULL, 1, 18, 10, 'yes', 1979);
INSERT INTO public."FireClaim" ("PolicyNo", "ClaimNumber", "Premium", "InsuredLocation", "Loss_Ratio", "Nearest_Firestation_miles", "Number_of_Firefighters", "Fireplace", "Year_Built") VALUES (NULL, NULL, NULL, NULL, 0.9, 7, 8, 'yes', 2004);
INSERT INTO public."FireClaim" ("PolicyNo", "ClaimNumber", "Premium", "InsuredLocation", "Loss_Ratio", "Nearest_Firestation_miles", "Number_of_Firefighters", "Fireplace", "Year_Built") VALUES (NULL, NULL, NULL, NULL, 0.9, 10, 7, 'yes', 1986);
INSERT INTO public."FireClaim" ("PolicyNo", "ClaimNumber", "Premium", "InsuredLocation", "Loss_Ratio", "Nearest_Firestation_miles", "Number_of_Firefighters", "Fireplace", "Year_Built") VALUES (NULL, NULL, NULL, NULL, 0.7, 20, 9, 'yes', 1987);
INSERT INTO public."FireClaim" ("PolicyNo", "ClaimNumber", "Premium", "InsuredLocation", "Loss_Ratio", "Nearest_Firestation_miles", "Number_of_Firefighters", "Fireplace", "Year_Built") VALUES (NULL, NULL, NULL, NULL, 0.7, 18, 9, 'yes', 1978);
INSERT INTO public."FireClaim" ("PolicyNo", "ClaimNumber", "Premium", "InsuredLocation", "Loss_Ratio", "Nearest_Firestation_miles", "Number_of_Firefighters", "Fireplace", "Year_Built") VALUES (NULL, NULL, NULL, NULL, 1.1, 16, 10, 'yes', 2013);
INSERT INTO public."FireClaim" ("PolicyNo", "ClaimNumber", "Premium", "InsuredLocation", "Loss_Ratio", "Nearest_Firestation_miles", "Number_of_Firefighters", "Fireplace", "Year_Built") VALUES (NULL, NULL, NULL, NULL, 0.8, 10, 10, 'yes', 1964);
INSERT INTO public."FireClaim" ("PolicyNo", "ClaimNumber", "Premium", "InsuredLocation", "Loss_Ratio", "Nearest_Firestation_miles", "Number_of_Firefighters", "Fireplace", "Year_Built") VALUES (NULL, NULL, NULL, NULL, 1.1, 9, 7, 'yes', 1961);
INSERT INTO public."FireClaim" ("PolicyNo", "ClaimNumber", "Premium", "InsuredLocation", "Loss_Ratio", "Nearest_Firestation_miles", "Number_of_Firefighters", "Fireplace", "Year_Built") VALUES (NULL, NULL, NULL, NULL, 1.1, 15, 8, 'yes', 1987);
INSERT INTO public."FireClaim" ("PolicyNo", "ClaimNumber", "Premium", "InsuredLocation", "Loss_Ratio", "Nearest_Firestation_miles", "Number_of_Firefighters", "Fireplace", "Year_Built") VALUES (NULL, NULL, NULL, NULL, 1.1, 15, 10, 'yes', 2008);
INSERT INTO public."FireClaim" ("PolicyNo", "ClaimNumber", "Premium", "InsuredLocation", "Loss_Ratio", "Nearest_Firestation_miles", "Number_of_Firefighters", "Fireplace", "Year_Built") VALUES (NULL, NULL, NULL, NULL, 0.6, 8, 8, 'yes', 1992);
INSERT INTO public."FireClaim" ("PolicyNo", "ClaimNumber", "Premium", "InsuredLocation", "Loss_Ratio", "Nearest_Firestation_miles", "Number_of_Firefighters", "Fireplace", "Year_Built") VALUES (NULL, NULL, NULL, NULL, 0.7, 18, 8, 'yes', 1970);
INSERT INTO public."FireClaim" ("PolicyNo", "ClaimNumber", "Premium", "InsuredLocation", "Loss_Ratio", "Nearest_Firestation_miles", "Number_of_Firefighters", "Fireplace", "Year_Built") VALUES (NULL, NULL, NULL, NULL, 0.8, 20, 7, 'yes', 1961);
INSERT INTO public."FireClaim" ("PolicyNo", "ClaimNumber", "Premium", "InsuredLocation", "Loss_Ratio", "Nearest_Firestation_miles", "Number_of_Firefighters", "Fireplace", "Year_Built") VALUES (NULL, NULL, NULL, NULL, 0.8, 17, 8, 'yes', 2013);
INSERT INTO public."FireClaim" ("PolicyNo", "ClaimNumber", "Premium", "InsuredLocation", "Loss_Ratio", "Nearest_Firestation_miles", "Number_of_Firefighters", "Fireplace", "Year_Built") VALUES (NULL, NULL, NULL, NULL, 0.9, 9, 9, 'yes', 1974);
INSERT INTO public."FireClaim" ("PolicyNo", "ClaimNumber", "Premium", "InsuredLocation", "Loss_Ratio", "Nearest_Firestation_miles", "Number_of_Firefighters", "Fireplace", "Year_Built") VALUES (NULL, NULL, NULL, NULL, 0.6, 6, 8, 'yes', 1976);
INSERT INTO public."FireClaim" ("PolicyNo", "ClaimNumber", "Premium", "InsuredLocation", "Loss_Ratio", "Nearest_Firestation_miles", "Number_of_Firefighters", "Fireplace", "Year_Built") VALUES (NULL, NULL, NULL, NULL, 0.9, 18, 8, 'yes', 1977);
INSERT INTO public."FireClaim" ("PolicyNo", "ClaimNumber", "Premium", "InsuredLocation", "Loss_Ratio", "Nearest_Firestation_miles", "Number_of_Firefighters", "Fireplace", "Year_Built") VALUES (NULL, NULL, NULL, NULL, 1, 15, 8, 'yes', 2013);
INSERT INTO public."FireClaim" ("PolicyNo", "ClaimNumber", "Premium", "InsuredLocation", "Loss_Ratio", "Nearest_Firestation_miles", "Number_of_Firefighters", "Fireplace", "Year_Built") VALUES (NULL, NULL, NULL, NULL, 1.1, 7, 7, 'yes', 1982);
INSERT INTO public."FireClaim" ("PolicyNo", "ClaimNumber", "Premium", "InsuredLocation", "Loss_Ratio", "Nearest_Firestation_miles", "Number_of_Firefighters", "Fireplace", "Year_Built") VALUES (NULL, NULL, NULL, NULL, 1.1, 7, 9, 'yes', 1969);
INSERT INTO public."FireClaim" ("PolicyNo", "ClaimNumber", "Premium", "InsuredLocation", "Loss_Ratio", "Nearest_Firestation_miles", "Number_of_Firefighters", "Fireplace", "Year_Built") VALUES (NULL, NULL, NULL, NULL, 0.8, 16, 9, 'yes', 1972);
INSERT INTO public."FireClaim" ("PolicyNo", "ClaimNumber", "Premium", "InsuredLocation", "Loss_Ratio", "Nearest_Firestation_miles", "Number_of_Firefighters", "Fireplace", "Year_Built") VALUES (NULL, NULL, NULL, NULL, 0.8, 14, 7, 'yes', 1998);
INSERT INTO public."FireClaim" ("PolicyNo", "ClaimNumber", "Premium", "InsuredLocation", "Loss_Ratio", "Nearest_Firestation_miles", "Number_of_Firefighters", "Fireplace", "Year_Built") VALUES (NULL, NULL, NULL, NULL, 0.7, 15, 10, 'yes', 1964);
INSERT INTO public."FireClaim" ("PolicyNo", "ClaimNumber", "Premium", "InsuredLocation", "Loss_Ratio", "Nearest_Firestation_miles", "Number_of_Firefighters", "Fireplace", "Year_Built") VALUES (NULL, NULL, NULL, NULL, 0.7, 12, 8, 'yes', 1984);
INSERT INTO public."FireClaim" ("PolicyNo", "ClaimNumber", "Premium", "InsuredLocation", "Loss_Ratio", "Nearest_Firestation_miles", "Number_of_Firefighters", "Fireplace", "Year_Built") VALUES (NULL, NULL, NULL, NULL, 0.6, 17, 10, 'yes', 1971);
INSERT INTO public."FireClaim" ("PolicyNo", "ClaimNumber", "Premium", "InsuredLocation", "Loss_Ratio", "Nearest_Firestation_miles", "Number_of_Firefighters", "Fireplace", "Year_Built") VALUES (NULL, NULL, NULL, NULL, 0.9, 6, 9, 'yes', 2012);
INSERT INTO public."FireClaim" ("PolicyNo", "ClaimNumber", "Premium", "InsuredLocation", "Loss_Ratio", "Nearest_Firestation_miles", "Number_of_Firefighters", "Fireplace", "Year_Built") VALUES (NULL, NULL, NULL, NULL, 0.8, 18, 9, 'yes', 1990);
INSERT INTO public."FireClaim" ("PolicyNo", "ClaimNumber", "Premium", "InsuredLocation", "Loss_Ratio", "Nearest_Firestation_miles", "Number_of_Firefighters", "Fireplace", "Year_Built") VALUES (NULL, NULL, NULL, NULL, 1.1, 16, 7, 'yes', 1974);
INSERT INTO public."FireClaim" ("PolicyNo", "ClaimNumber", "Premium", "InsuredLocation", "Loss_Ratio", "Nearest_Firestation_miles", "Number_of_Firefighters", "Fireplace", "Year_Built") VALUES (NULL, NULL, NULL, NULL, 0.6, 14, 9, 'yes', 1975);
INSERT INTO public."FireClaim" ("PolicyNo", "ClaimNumber", "Premium", "InsuredLocation", "Loss_Ratio", "Nearest_Firestation_miles", "Number_of_Firefighters", "Fireplace", "Year_Built") VALUES (NULL, NULL, NULL, NULL, 0.7, 5, 9, 'yes', 1998);
INSERT INTO public."FireClaim" ("PolicyNo", "ClaimNumber", "Premium", "InsuredLocation", "Loss_Ratio", "Nearest_Firestation_miles", "Number_of_Firefighters", "Fireplace", "Year_Built") VALUES (NULL, NULL, NULL, NULL, 0.7, 11, 10, 'yes', 1980);
INSERT INTO public."FireClaim" ("PolicyNo", "ClaimNumber", "Premium", "InsuredLocation", "Loss_Ratio", "Nearest_Firestation_miles", "Number_of_Firefighters", "Fireplace", "Year_Built") VALUES (NULL, NULL, NULL, NULL, 0.6, 6, 7, 'yes', 1983);
INSERT INTO public."FireClaim" ("PolicyNo", "ClaimNumber", "Premium", "InsuredLocation", "Loss_Ratio", "Nearest_Firestation_miles", "Number_of_Firefighters", "Fireplace", "Year_Built") VALUES (NULL, NULL, NULL, NULL, 0.9, 11, 7, 'yes', 1984);
INSERT INTO public."FireClaim" ("PolicyNo", "ClaimNumber", "Premium", "InsuredLocation", "Loss_Ratio", "Nearest_Firestation_miles", "Number_of_Firefighters", "Fireplace", "Year_Built") VALUES (NULL, NULL, NULL, NULL, 0.8, 19, 7, 'yes', 2016);
INSERT INTO public."FireClaim" ("PolicyNo", "ClaimNumber", "Premium", "InsuredLocation", "Loss_Ratio", "Nearest_Firestation_miles", "Number_of_Firefighters", "Fireplace", "Year_Built") VALUES (NULL, NULL, NULL, NULL, 0.7, 20, 10, 'yes', 1977);
INSERT INTO public."FireClaim" ("PolicyNo", "ClaimNumber", "Premium", "InsuredLocation", "Loss_Ratio", "Nearest_Firestation_miles", "Number_of_Firefighters", "Fireplace", "Year_Built") VALUES (NULL, NULL, NULL, NULL, 1.1, 18, 10, 'yes', 1962);
INSERT INTO public."FireClaim" ("PolicyNo", "ClaimNumber", "Premium", "InsuredLocation", "Loss_Ratio", "Nearest_Firestation_miles", "Number_of_Firefighters", "Fireplace", "Year_Built") VALUES (NULL, NULL, NULL, NULL, 0.6, 8, 8, 'yes', 1964);
INSERT INTO public."FireClaim" ("PolicyNo", "ClaimNumber", "Premium", "InsuredLocation", "Loss_Ratio", "Nearest_Firestation_miles", "Number_of_Firefighters", "Fireplace", "Year_Built") VALUES (NULL, NULL, NULL, NULL, 0.7, 6, 10, 'yes', 2017);
INSERT INTO public."FireClaim" ("PolicyNo", "ClaimNumber", "Premium", "InsuredLocation", "Loss_Ratio", "Nearest_Firestation_miles", "Number_of_Firefighters", "Fireplace", "Year_Built") VALUES (NULL, NULL, NULL, NULL, 0.7, 16, 8, 'yes', 1981);
INSERT INTO public."FireClaim" ("PolicyNo", "ClaimNumber", "Premium", "InsuredLocation", "Loss_Ratio", "Nearest_Firestation_miles", "Number_of_Firefighters", "Fireplace", "Year_Built") VALUES (NULL, NULL, NULL, NULL, 0.8, 11, 10, 'yes', 1964);
INSERT INTO public."FireClaim" ("PolicyNo", "ClaimNumber", "Premium", "InsuredLocation", "Loss_Ratio", "Nearest_Firestation_miles", "Number_of_Firefighters", "Fireplace", "Year_Built") VALUES (NULL, NULL, NULL, NULL, 0.8, 14, 10, 'yes', 1990);
INSERT INTO public."FireClaim" ("PolicyNo", "ClaimNumber", "Premium", "InsuredLocation", "Loss_Ratio", "Nearest_Firestation_miles", "Number_of_Firefighters", "Fireplace", "Year_Built") VALUES (NULL, NULL, NULL, NULL, 1, 9, 7, 'yes', 1995);
INSERT INTO public."FireClaim" ("PolicyNo", "ClaimNumber", "Premium", "InsuredLocation", "Loss_Ratio", "Nearest_Firestation_miles", "Number_of_Firefighters", "Fireplace", "Year_Built") VALUES (NULL, NULL, NULL, NULL, 0.7, 14, 9, 'yes', 1963);
INSERT INTO public."FireClaim" ("PolicyNo", "ClaimNumber", "Premium", "InsuredLocation", "Loss_Ratio", "Nearest_Firestation_miles", "Number_of_Firefighters", "Fireplace", "Year_Built") VALUES (NULL, NULL, NULL, NULL, 1, 11, 7, 'yes', 1994);
INSERT INTO public."FireClaim" ("PolicyNo", "ClaimNumber", "Premium", "InsuredLocation", "Loss_Ratio", "Nearest_Firestation_miles", "Number_of_Firefighters", "Fireplace", "Year_Built") VALUES (NULL, NULL, NULL, NULL, 0.9, 8, 8, 'yes', 1990);
INSERT INTO public."FireClaim" ("PolicyNo", "ClaimNumber", "Premium", "InsuredLocation", "Loss_Ratio", "Nearest_Firestation_miles", "Number_of_Firefighters", "Fireplace", "Year_Built") VALUES (NULL, NULL, NULL, NULL, 0.7, 8, 10, 'yes', 2009);
INSERT INTO public."FireClaim" ("PolicyNo", "ClaimNumber", "Premium", "InsuredLocation", "Loss_Ratio", "Nearest_Firestation_miles", "Number_of_Firefighters", "Fireplace", "Year_Built") VALUES (NULL, NULL, NULL, NULL, 0.8, 19, 8, 'yes', 1978);
INSERT INTO public."FireClaim" ("PolicyNo", "ClaimNumber", "Premium", "InsuredLocation", "Loss_Ratio", "Nearest_Firestation_miles", "Number_of_Firefighters", "Fireplace", "Year_Built") VALUES (NULL, NULL, NULL, NULL, 0.9, 12, 7, 'yes', 1986);
INSERT INTO public."FireClaim" ("PolicyNo", "ClaimNumber", "Premium", "InsuredLocation", "Loss_Ratio", "Nearest_Firestation_miles", "Number_of_Firefighters", "Fireplace", "Year_Built") VALUES (NULL, NULL, NULL, NULL, 0.7, 17, 7, 'yes', 1987);
INSERT INTO public."FireClaim" ("PolicyNo", "ClaimNumber", "Premium", "InsuredLocation", "Loss_Ratio", "Nearest_Firestation_miles", "Number_of_Firefighters", "Fireplace", "Year_Built") VALUES (NULL, NULL, NULL, NULL, 0.8, 9, 8, 'yes', 2006);
INSERT INTO public."FireClaim" ("PolicyNo", "ClaimNumber", "Premium", "InsuredLocation", "Loss_Ratio", "Nearest_Firestation_miles", "Number_of_Firefighters", "Fireplace", "Year_Built") VALUES (NULL, NULL, NULL, NULL, 1, 14, 9, 'yes', 1994);
INSERT INTO public."FireClaim" ("PolicyNo", "ClaimNumber", "Premium", "InsuredLocation", "Loss_Ratio", "Nearest_Firestation_miles", "Number_of_Firefighters", "Fireplace", "Year_Built") VALUES (NULL, NULL, NULL, NULL, 1.1, 18, 9, 'yes', 1966);
INSERT INTO public."FireClaim" ("PolicyNo", "ClaimNumber", "Premium", "InsuredLocation", "Loss_Ratio", "Nearest_Firestation_miles", "Number_of_Firefighters", "Fireplace", "Year_Built") VALUES (NULL, NULL, NULL, NULL, 1.1, 19, 10, 'yes', 1971);
INSERT INTO public."FireClaim" ("PolicyNo", "ClaimNumber", "Premium", "InsuredLocation", "Loss_Ratio", "Nearest_Firestation_miles", "Number_of_Firefighters", "Fireplace", "Year_Built") VALUES (NULL, NULL, NULL, NULL, 0.9, 20, 8, 'yes', 2008);
INSERT INTO public."FireClaim" ("PolicyNo", "ClaimNumber", "Premium", "InsuredLocation", "Loss_Ratio", "Nearest_Firestation_miles", "Number_of_Firefighters", "Fireplace", "Year_Built") VALUES (NULL, NULL, NULL, NULL, 0.9, 16, 9, 'yes', 1971);
INSERT INTO public."FireClaim" ("PolicyNo", "ClaimNumber", "Premium", "InsuredLocation", "Loss_Ratio", "Nearest_Firestation_miles", "Number_of_Firefighters", "Fireplace", "Year_Built") VALUES (NULL, NULL, NULL, NULL, 1, 11, 8, 'yes', 1994);
INSERT INTO public."FireClaim" ("PolicyNo", "ClaimNumber", "Premium", "InsuredLocation", "Loss_Ratio", "Nearest_Firestation_miles", "Number_of_Firefighters", "Fireplace", "Year_Built") VALUES (NULL, NULL, NULL, NULL, 1, 9, 9, 'yes', 1966);
INSERT INTO public."FireClaim" ("PolicyNo", "ClaimNumber", "Premium", "InsuredLocation", "Loss_Ratio", "Nearest_Firestation_miles", "Number_of_Firefighters", "Fireplace", "Year_Built") VALUES (NULL, NULL, NULL, NULL, 0.9, 13, 7, 'yes', 2018);
INSERT INTO public."FireClaim" ("PolicyNo", "ClaimNumber", "Premium", "InsuredLocation", "Loss_Ratio", "Nearest_Firestation_miles", "Number_of_Firefighters", "Fireplace", "Year_Built") VALUES (NULL, NULL, NULL, NULL, 1, 5, 9, 'yes', 1966);
INSERT INTO public."FireClaim" ("PolicyNo", "ClaimNumber", "Premium", "InsuredLocation", "Loss_Ratio", "Nearest_Firestation_miles", "Number_of_Firefighters", "Fireplace", "Year_Built") VALUES (NULL, NULL, NULL, NULL, 1.1, 12, 10, 'yes', 1961);
INSERT INTO public."FireClaim" ("PolicyNo", "ClaimNumber", "Premium", "InsuredLocation", "Loss_Ratio", "Nearest_Firestation_miles", "Number_of_Firefighters", "Fireplace", "Year_Built") VALUES (NULL, NULL, NULL, NULL, 0.6, 14, 7, 'yes', 1991);
INSERT INTO public."FireClaim" ("PolicyNo", "ClaimNumber", "Premium", "InsuredLocation", "Loss_Ratio", "Nearest_Firestation_miles", "Number_of_Firefighters", "Fireplace", "Year_Built") VALUES (NULL, NULL, NULL, NULL, 0.6, 9, 7, 'yes', 2014);
INSERT INTO public."FireClaim" ("PolicyNo", "ClaimNumber", "Premium", "InsuredLocation", "Loss_Ratio", "Nearest_Firestation_miles", "Number_of_Firefighters", "Fireplace", "Year_Built") VALUES (NULL, NULL, NULL, NULL, 0.6, 17, 8, 'yes', 1985);
INSERT INTO public."FireClaim" ("PolicyNo", "ClaimNumber", "Premium", "InsuredLocation", "Loss_Ratio", "Nearest_Firestation_miles", "Number_of_Firefighters", "Fireplace", "Year_Built") VALUES (NULL, NULL, NULL, NULL, 0.9, 8, 10, 'yes', 1966);
INSERT INTO public."FireClaim" ("PolicyNo", "ClaimNumber", "Premium", "InsuredLocation", "Loss_Ratio", "Nearest_Firestation_miles", "Number_of_Firefighters", "Fireplace", "Year_Built") VALUES (NULL, NULL, NULL, NULL, 1.1, 12, 7, 'yes', 1970);
INSERT INTO public."FireClaim" ("PolicyNo", "ClaimNumber", "Premium", "InsuredLocation", "Loss_Ratio", "Nearest_Firestation_miles", "Number_of_Firefighters", "Fireplace", "Year_Built") VALUES (NULL, NULL, NULL, NULL, 0.9, 8, 8, 'yes', 2000);
INSERT INTO public."FireClaim" ("PolicyNo", "ClaimNumber", "Premium", "InsuredLocation", "Loss_Ratio", "Nearest_Firestation_miles", "Number_of_Firefighters", "Fireplace", "Year_Built") VALUES (NULL, NULL, NULL, NULL, 0.7, 20, 9, 'yes', 1968);
INSERT INTO public."FireClaim" ("PolicyNo", "ClaimNumber", "Premium", "InsuredLocation", "Loss_Ratio", "Nearest_Firestation_miles", "Number_of_Firefighters", "Fireplace", "Year_Built") VALUES (NULL, NULL, NULL, NULL, 1, 13, 9, 'yes', 1985);
INSERT INTO public."FireClaim" ("PolicyNo", "ClaimNumber", "Premium", "InsuredLocation", "Loss_Ratio", "Nearest_Firestation_miles", "Number_of_Firefighters", "Fireplace", "Year_Built") VALUES (NULL, NULL, NULL, NULL, 1, 10, 9, 'yes', 1992);
INSERT INTO public."FireClaim" ("PolicyNo", "ClaimNumber", "Premium", "InsuredLocation", "Loss_Ratio", "Nearest_Firestation_miles", "Number_of_Firefighters", "Fireplace", "Year_Built") VALUES (NULL, NULL, NULL, NULL, 0.7, 11, 9, 'yes', 2017);
INSERT INTO public."FireClaim" ("PolicyNo", "ClaimNumber", "Premium", "InsuredLocation", "Loss_Ratio", "Nearest_Firestation_miles", "Number_of_Firefighters", "Fireplace", "Year_Built") VALUES (NULL, NULL, NULL, NULL, 0.9, 18, 7, 'yes', 1974);
INSERT INTO public."FireClaim" ("PolicyNo", "ClaimNumber", "Premium", "InsuredLocation", "Loss_Ratio", "Nearest_Firestation_miles", "Number_of_Firefighters", "Fireplace", "Year_Built") VALUES (NULL, NULL, NULL, NULL, 0.6, 11, 9, 'yes', 1969);
INSERT INTO public."FireClaim" ("PolicyNo", "ClaimNumber", "Premium", "InsuredLocation", "Loss_Ratio", "Nearest_Firestation_miles", "Number_of_Firefighters", "Fireplace", "Year_Built") VALUES (NULL, NULL, NULL, NULL, 1.1, 18, 9, 'yes', 1989);
INSERT INTO public."FireClaim" ("PolicyNo", "ClaimNumber", "Premium", "InsuredLocation", "Loss_Ratio", "Nearest_Firestation_miles", "Number_of_Firefighters", "Fireplace", "Year_Built") VALUES (NULL, NULL, NULL, NULL, 0.8, 14, 7, 'yes', 2006);
INSERT INTO public."FireClaim" ("PolicyNo", "ClaimNumber", "Premium", "InsuredLocation", "Loss_Ratio", "Nearest_Firestation_miles", "Number_of_Firefighters", "Fireplace", "Year_Built") VALUES (NULL, NULL, NULL, NULL, 1.1, 19, 7, 'yes', 1989);
INSERT INTO public."FireClaim" ("PolicyNo", "ClaimNumber", "Premium", "InsuredLocation", "Loss_Ratio", "Nearest_Firestation_miles", "Number_of_Firefighters", "Fireplace", "Year_Built") VALUES (NULL, NULL, NULL, NULL, 0.9, 8, 8, 'yes', 1990);
INSERT INTO public."FireClaim" ("PolicyNo", "ClaimNumber", "Premium", "InsuredLocation", "Loss_Ratio", "Nearest_Firestation_miles", "Number_of_Firefighters", "Fireplace", "Year_Built") VALUES (NULL, NULL, NULL, NULL, 0.7, 15, 10, 'yes', 1968);
INSERT INTO public."FireClaim" ("PolicyNo", "ClaimNumber", "Premium", "InsuredLocation", "Loss_Ratio", "Nearest_Firestation_miles", "Number_of_Firefighters", "Fireplace", "Year_Built") VALUES (NULL, NULL, NULL, NULL, 0.7, 6, 10, 'yes', 2001);
INSERT INTO public."FireClaim" ("PolicyNo", "ClaimNumber", "Premium", "InsuredLocation", "Loss_Ratio", "Nearest_Firestation_miles", "Number_of_Firefighters", "Fireplace", "Year_Built") VALUES (NULL, NULL, NULL, NULL, 1, 20, 8, 'yes', 1965);
INSERT INTO public."FireClaim" ("PolicyNo", "ClaimNumber", "Premium", "InsuredLocation", "Loss_Ratio", "Nearest_Firestation_miles", "Number_of_Firefighters", "Fireplace", "Year_Built") VALUES (NULL, NULL, NULL, NULL, 0.6, 15, 9, 'yes', 1990);
INSERT INTO public."FireClaim" ("PolicyNo", "ClaimNumber", "Premium", "InsuredLocation", "Loss_Ratio", "Nearest_Firestation_miles", "Number_of_Firefighters", "Fireplace", "Year_Built") VALUES (NULL, NULL, NULL, NULL, 0.6, 19, 8, 'yes', 1986);
INSERT INTO public."FireClaim" ("PolicyNo", "ClaimNumber", "Premium", "InsuredLocation", "Loss_Ratio", "Nearest_Firestation_miles", "Number_of_Firefighters", "Fireplace", "Year_Built") VALUES (NULL, NULL, NULL, NULL, 0.7, 8, 9, 'yes', 2019);
INSERT INTO public."FireClaim" ("PolicyNo", "ClaimNumber", "Premium", "InsuredLocation", "Loss_Ratio", "Nearest_Firestation_miles", "Number_of_Firefighters", "Fireplace", "Year_Built") VALUES (NULL, NULL, NULL, NULL, 0.9, 5, 8, 'yes', 1988);
INSERT INTO public."FireClaim" ("PolicyNo", "ClaimNumber", "Premium", "InsuredLocation", "Loss_Ratio", "Nearest_Firestation_miles", "Number_of_Firefighters", "Fireplace", "Year_Built") VALUES (NULL, NULL, NULL, NULL, 0.9, 6, 7, 'yes', 1963);
INSERT INTO public."FireClaim" ("PolicyNo", "ClaimNumber", "Premium", "InsuredLocation", "Loss_Ratio", "Nearest_Firestation_miles", "Number_of_Firefighters", "Fireplace", "Year_Built") VALUES (NULL, NULL, NULL, NULL, 0.8, 20, 10, 'yes', 1991);
INSERT INTO public."FireClaim" ("PolicyNo", "ClaimNumber", "Premium", "InsuredLocation", "Loss_Ratio", "Nearest_Firestation_miles", "Number_of_Firefighters", "Fireplace", "Year_Built") VALUES (NULL, NULL, NULL, NULL, 1, 12, 10, 'yes', 2011);
INSERT INTO public."FireClaim" ("PolicyNo", "ClaimNumber", "Premium", "InsuredLocation", "Loss_Ratio", "Nearest_Firestation_miles", "Number_of_Firefighters", "Fireplace", "Year_Built") VALUES (NULL, NULL, NULL, NULL, 0.6, 6, 9, 'yes', 1982);
INSERT INTO public."FireClaim" ("PolicyNo", "ClaimNumber", "Premium", "InsuredLocation", "Loss_Ratio", "Nearest_Firestation_miles", "Number_of_Firefighters", "Fireplace", "Year_Built") VALUES (NULL, NULL, NULL, NULL, 0.7, 7, 9, 'yes', 1982);
INSERT INTO public."FireClaim" ("PolicyNo", "ClaimNumber", "Premium", "InsuredLocation", "Loss_Ratio", "Nearest_Firestation_miles", "Number_of_Firefighters", "Fireplace", "Year_Built") VALUES (NULL, NULL, NULL, NULL, 1.1, 12, 8, 'yes', 1972);
INSERT INTO public."FireClaim" ("PolicyNo", "ClaimNumber", "Premium", "InsuredLocation", "Loss_Ratio", "Nearest_Firestation_miles", "Number_of_Firefighters", "Fireplace", "Year_Built") VALUES (NULL, NULL, NULL, NULL, 0.9, 7, 7, 'yes', 2012);
INSERT INTO public."FireClaim" ("PolicyNo", "ClaimNumber", "Premium", "InsuredLocation", "Loss_Ratio", "Nearest_Firestation_miles", "Number_of_Firefighters", "Fireplace", "Year_Built") VALUES (NULL, NULL, NULL, NULL, 1.1, 8, 7, 'yes', 1984);
INSERT INTO public."FireClaim" ("PolicyNo", "ClaimNumber", "Premium", "InsuredLocation", "Loss_Ratio", "Nearest_Firestation_miles", "Number_of_Firefighters", "Fireplace", "Year_Built") VALUES (NULL, NULL, NULL, NULL, 0.7, 12, 10, 'yes', 1982);
INSERT INTO public."FireClaim" ("PolicyNo", "ClaimNumber", "Premium", "InsuredLocation", "Loss_Ratio", "Nearest_Firestation_miles", "Number_of_Firefighters", "Fireplace", "Year_Built") VALUES (NULL, NULL, NULL, NULL, 0.9, 13, 8, 'yes', 1965);
INSERT INTO public."FireClaim" ("PolicyNo", "ClaimNumber", "Premium", "InsuredLocation", "Loss_Ratio", "Nearest_Firestation_miles", "Number_of_Firefighters", "Fireplace", "Year_Built") VALUES (NULL, NULL, NULL, NULL, 1, 6, 7, 'yes', 2002);
INSERT INTO public."FireClaim" ("PolicyNo", "ClaimNumber", "Premium", "InsuredLocation", "Loss_Ratio", "Nearest_Firestation_miles", "Number_of_Firefighters", "Fireplace", "Year_Built") VALUES (NULL, NULL, NULL, NULL, 1.1, 10, 8, 'yes', 1984);
INSERT INTO public."FireClaim" ("PolicyNo", "ClaimNumber", "Premium", "InsuredLocation", "Loss_Ratio", "Nearest_Firestation_miles", "Number_of_Firefighters", "Fireplace", "Year_Built") VALUES (NULL, NULL, NULL, NULL, 1, 6, 8, 'yes', 1982);
INSERT INTO public."FireClaim" ("PolicyNo", "ClaimNumber", "Premium", "InsuredLocation", "Loss_Ratio", "Nearest_Firestation_miles", "Number_of_Firefighters", "Fireplace", "Year_Built") VALUES (NULL, NULL, NULL, NULL, 1, 17, 9, 'yes', 1961);
INSERT INTO public."FireClaim" ("PolicyNo", "ClaimNumber", "Premium", "InsuredLocation", "Loss_Ratio", "Nearest_Firestation_miles", "Number_of_Firefighters", "Fireplace", "Year_Built") VALUES (NULL, NULL, NULL, NULL, 1.1, 8, 5, 'yes', 1971);
INSERT INTO public."FireClaim" ("PolicyNo", "ClaimNumber", "Premium", "InsuredLocation", "Loss_Ratio", "Nearest_Firestation_miles", "Number_of_Firefighters", "Fireplace", "Year_Built") VALUES (NULL, NULL, NULL, NULL, 1.1, 17, 5, 'yes', 1965);
INSERT INTO public."FireClaim" ("PolicyNo", "ClaimNumber", "Premium", "InsuredLocation", "Loss_Ratio", "Nearest_Firestation_miles", "Number_of_Firefighters", "Fireplace", "Year_Built") VALUES (NULL, NULL, NULL, NULL, 0.8, 14, 5, 'yes', 1978);
INSERT INTO public."FireClaim" ("PolicyNo", "ClaimNumber", "Premium", "InsuredLocation", "Loss_Ratio", "Nearest_Firestation_miles", "Number_of_Firefighters", "Fireplace", "Year_Built") VALUES (NULL, NULL, NULL, NULL, 1.1, 17, 5, 'yes', 1965);
INSERT INTO public."FireClaim" ("PolicyNo", "ClaimNumber", "Premium", "InsuredLocation", "Loss_Ratio", "Nearest_Firestation_miles", "Number_of_Firefighters", "Fireplace", "Year_Built") VALUES (NULL, NULL, NULL, NULL, 0.8, 9, 6, 'yes', 1989);
INSERT INTO public."FireClaim" ("PolicyNo", "ClaimNumber", "Premium", "InsuredLocation", "Loss_Ratio", "Nearest_Firestation_miles", "Number_of_Firefighters", "Fireplace", "Year_Built") VALUES (NULL, NULL, NULL, NULL, 0.7, 10, 5, 'yes', 1979);
INSERT INTO public."FireClaim" ("PolicyNo", "ClaimNumber", "Premium", "InsuredLocation", "Loss_Ratio", "Nearest_Firestation_miles", "Number_of_Firefighters", "Fireplace", "Year_Built") VALUES (NULL, NULL, NULL, NULL, 0.7, 16, 5, 'yes', 1961);
INSERT INTO public."FireClaim" ("PolicyNo", "ClaimNumber", "Premium", "InsuredLocation", "Loss_Ratio", "Nearest_Firestation_miles", "Number_of_Firefighters", "Fireplace", "Year_Built") VALUES (NULL, NULL, NULL, NULL, 1.1, 8, 4, 'yes', 1982);
INSERT INTO public."FireClaim" ("PolicyNo", "ClaimNumber", "Premium", "InsuredLocation", "Loss_Ratio", "Nearest_Firestation_miles", "Number_of_Firefighters", "Fireplace", "Year_Built") VALUES (NULL, NULL, NULL, NULL, 0.8, 14, 5, 'yes', 1981);
INSERT INTO public."FireClaim" ("PolicyNo", "ClaimNumber", "Premium", "InsuredLocation", "Loss_Ratio", "Nearest_Firestation_miles", "Number_of_Firefighters", "Fireplace", "Year_Built") VALUES (NULL, NULL, NULL, NULL, 1.1, 6, 5, 'yes', 1960);
INSERT INTO public."FireClaim" ("PolicyNo", "ClaimNumber", "Premium", "InsuredLocation", "Loss_Ratio", "Nearest_Firestation_miles", "Number_of_Firefighters", "Fireplace", "Year_Built") VALUES (NULL, NULL, NULL, NULL, 0.7, 7, 5, 'yes', 1983);
INSERT INTO public."FireClaim" ("PolicyNo", "ClaimNumber", "Premium", "InsuredLocation", "Loss_Ratio", "Nearest_Firestation_miles", "Number_of_Firefighters", "Fireplace", "Year_Built") VALUES (NULL, NULL, NULL, NULL, 0.9, 7, 5, 'yes', 1969);
INSERT INTO public."FireClaim" ("PolicyNo", "ClaimNumber", "Premium", "InsuredLocation", "Loss_Ratio", "Nearest_Firestation_miles", "Number_of_Firefighters", "Fireplace", "Year_Built") VALUES (NULL, NULL, NULL, NULL, 0.8, 17, 6, 'yes', 1983);
INSERT INTO public."FireClaim" ("PolicyNo", "ClaimNumber", "Premium", "InsuredLocation", "Loss_Ratio", "Nearest_Firestation_miles", "Number_of_Firefighters", "Fireplace", "Year_Built") VALUES (NULL, NULL, NULL, NULL, 1.1, 12, 5, 'yes', 1989);
INSERT INTO public."FireClaim" ("PolicyNo", "ClaimNumber", "Premium", "InsuredLocation", "Loss_Ratio", "Nearest_Firestation_miles", "Number_of_Firefighters", "Fireplace", "Year_Built") VALUES (NULL, NULL, NULL, NULL, 0.6, 14, 4, 'yes', 1982);
INSERT INTO public."FireClaim" ("PolicyNo", "ClaimNumber", "Premium", "InsuredLocation", "Loss_Ratio", "Nearest_Firestation_miles", "Number_of_Firefighters", "Fireplace", "Year_Built") VALUES (NULL, NULL, NULL, NULL, 1, 19, 6, 'yes', 1966);
INSERT INTO public."FireClaim" ("PolicyNo", "ClaimNumber", "Premium", "InsuredLocation", "Loss_Ratio", "Nearest_Firestation_miles", "Number_of_Firefighters", "Fireplace", "Year_Built") VALUES (NULL, NULL, NULL, NULL, 1.1, 5, 4, 'yes', 1985);
INSERT INTO public."FireClaim" ("PolicyNo", "ClaimNumber", "Premium", "InsuredLocation", "Loss_Ratio", "Nearest_Firestation_miles", "Number_of_Firefighters", "Fireplace", "Year_Built") VALUES (NULL, NULL, NULL, NULL, 0.9, 9, 5, 'yes', 1965);
INSERT INTO public."FireClaim" ("PolicyNo", "ClaimNumber", "Premium", "InsuredLocation", "Loss_Ratio", "Nearest_Firestation_miles", "Number_of_Firefighters", "Fireplace", "Year_Built") VALUES (NULL, NULL, NULL, NULL, 0.9, 19, 6, 'yes', 1960);
INSERT INTO public."FireClaim" ("PolicyNo", "ClaimNumber", "Premium", "InsuredLocation", "Loss_Ratio", "Nearest_Firestation_miles", "Number_of_Firefighters", "Fireplace", "Year_Built") VALUES (NULL, NULL, NULL, NULL, 1, 10, 5, 'yes', 1963);
INSERT INTO public."FireClaim" ("PolicyNo", "ClaimNumber", "Premium", "InsuredLocation", "Loss_Ratio", "Nearest_Firestation_miles", "Number_of_Firefighters", "Fireplace", "Year_Built") VALUES (NULL, NULL, NULL, NULL, 1, 16, 6, 'yes', 1971);
INSERT INTO public."FireClaim" ("PolicyNo", "ClaimNumber", "Premium", "InsuredLocation", "Loss_Ratio", "Nearest_Firestation_miles", "Number_of_Firefighters", "Fireplace", "Year_Built") VALUES (NULL, NULL, NULL, NULL, 1, 16, 4, 'yes', 1971);
INSERT INTO public."FireClaim" ("PolicyNo", "ClaimNumber", "Premium", "InsuredLocation", "Loss_Ratio", "Nearest_Firestation_miles", "Number_of_Firefighters", "Fireplace", "Year_Built") VALUES (NULL, NULL, NULL, NULL, 0.8, 20, 4, 'yes', 1965);
INSERT INTO public."FireClaim" ("PolicyNo", "ClaimNumber", "Premium", "InsuredLocation", "Loss_Ratio", "Nearest_Firestation_miles", "Number_of_Firefighters", "Fireplace", "Year_Built") VALUES (NULL, NULL, NULL, NULL, 0.7, 6, 5, 'yes', 1981);
INSERT INTO public."FireClaim" ("PolicyNo", "ClaimNumber", "Premium", "InsuredLocation", "Loss_Ratio", "Nearest_Firestation_miles", "Number_of_Firefighters", "Fireplace", "Year_Built") VALUES (NULL, NULL, NULL, NULL, 0.6, 9, 6, 'yes', 1963);
INSERT INTO public."FireClaim" ("PolicyNo", "ClaimNumber", "Premium", "InsuredLocation", "Loss_Ratio", "Nearest_Firestation_miles", "Number_of_Firefighters", "Fireplace", "Year_Built") VALUES (NULL, NULL, NULL, NULL, 1.1, 5, 6, 'yes', 1976);
INSERT INTO public."FireClaim" ("PolicyNo", "ClaimNumber", "Premium", "InsuredLocation", "Loss_Ratio", "Nearest_Firestation_miles", "Number_of_Firefighters", "Fireplace", "Year_Built") VALUES (NULL, NULL, NULL, NULL, 1, 20, 6, 'yes', 1980);
INSERT INTO public."FireClaim" ("PolicyNo", "ClaimNumber", "Premium", "InsuredLocation", "Loss_Ratio", "Nearest_Firestation_miles", "Number_of_Firefighters", "Fireplace", "Year_Built") VALUES (NULL, NULL, NULL, NULL, 1.1, 20, 6, 'yes', 1983);
INSERT INTO public."FireClaim" ("PolicyNo", "ClaimNumber", "Premium", "InsuredLocation", "Loss_Ratio", "Nearest_Firestation_miles", "Number_of_Firefighters", "Fireplace", "Year_Built") VALUES (NULL, NULL, NULL, NULL, 0.9, 13, 4, 'yes', 1986);
INSERT INTO public."FireClaim" ("PolicyNo", "ClaimNumber", "Premium", "InsuredLocation", "Loss_Ratio", "Nearest_Firestation_miles", "Number_of_Firefighters", "Fireplace", "Year_Built") VALUES (NULL, NULL, NULL, NULL, 0.9, 6, 4, 'yes', 1969);
INSERT INTO public."FireClaim" ("PolicyNo", "ClaimNumber", "Premium", "InsuredLocation", "Loss_Ratio", "Nearest_Firestation_miles", "Number_of_Firefighters", "Fireplace", "Year_Built") VALUES (NULL, NULL, NULL, NULL, 0.6, 10, 5, 'yes', 1979);
INSERT INTO public."FireClaim" ("PolicyNo", "ClaimNumber", "Premium", "InsuredLocation", "Loss_Ratio", "Nearest_Firestation_miles", "Number_of_Firefighters", "Fireplace", "Year_Built") VALUES (NULL, NULL, NULL, NULL, 0.7, 17, 5, 'yes', 1980);
INSERT INTO public."FireClaim" ("PolicyNo", "ClaimNumber", "Premium", "InsuredLocation", "Loss_Ratio", "Nearest_Firestation_miles", "Number_of_Firefighters", "Fireplace", "Year_Built") VALUES (NULL, NULL, NULL, NULL, 0.7, 12, 6, 'yes', 1962);
INSERT INTO public."FireClaim" ("PolicyNo", "ClaimNumber", "Premium", "InsuredLocation", "Loss_Ratio", "Nearest_Firestation_miles", "Number_of_Firefighters", "Fireplace", "Year_Built") VALUES (NULL, NULL, NULL, NULL, 0.7, 19, 5, 'yes', 1988);
INSERT INTO public."FireClaim" ("PolicyNo", "ClaimNumber", "Premium", "InsuredLocation", "Loss_Ratio", "Nearest_Firestation_miles", "Number_of_Firefighters", "Fireplace", "Year_Built") VALUES (NULL, NULL, NULL, NULL, 0.6, 7, 6, 'yes', 1960);
INSERT INTO public."FireClaim" ("PolicyNo", "ClaimNumber", "Premium", "InsuredLocation", "Loss_Ratio", "Nearest_Firestation_miles", "Number_of_Firefighters", "Fireplace", "Year_Built") VALUES (NULL, NULL, NULL, NULL, 1, 12, 5, 'yes', 1976);
INSERT INTO public."FireClaim" ("PolicyNo", "ClaimNumber", "Premium", "InsuredLocation", "Loss_Ratio", "Nearest_Firestation_miles", "Number_of_Firefighters", "Fireplace", "Year_Built") VALUES (NULL, NULL, NULL, NULL, 0.8, 19, 5, 'yes', 1973);
INSERT INTO public."FireClaim" ("PolicyNo", "ClaimNumber", "Premium", "InsuredLocation", "Loss_Ratio", "Nearest_Firestation_miles", "Number_of_Firefighters", "Fireplace", "Year_Built") VALUES (NULL, NULL, NULL, NULL, 0.7, 10, 6, 'yes', 1980);
INSERT INTO public."FireClaim" ("PolicyNo", "ClaimNumber", "Premium", "InsuredLocation", "Loss_Ratio", "Nearest_Firestation_miles", "Number_of_Firefighters", "Fireplace", "Year_Built") VALUES (NULL, NULL, NULL, NULL, 1, 20, 4, 'yes', 1965);
INSERT INTO public."FireClaim" ("PolicyNo", "ClaimNumber", "Premium", "InsuredLocation", "Loss_Ratio", "Nearest_Firestation_miles", "Number_of_Firefighters", "Fireplace", "Year_Built") VALUES (NULL, NULL, NULL, NULL, 0.9, 7, 4, 'yes', 1985);
INSERT INTO public."FireClaim" ("PolicyNo", "ClaimNumber", "Premium", "InsuredLocation", "Loss_Ratio", "Nearest_Firestation_miles", "Number_of_Firefighters", "Fireplace", "Year_Built") VALUES (NULL, NULL, NULL, NULL, 1, 19, 5, 'yes', 1978);
INSERT INTO public."FireClaim" ("PolicyNo", "ClaimNumber", "Premium", "InsuredLocation", "Loss_Ratio", "Nearest_Firestation_miles", "Number_of_Firefighters", "Fireplace", "Year_Built") VALUES (NULL, NULL, NULL, NULL, 1, 15, 5, 'yes', 1986);
INSERT INTO public."FireClaim" ("PolicyNo", "ClaimNumber", "Premium", "InsuredLocation", "Loss_Ratio", "Nearest_Firestation_miles", "Number_of_Firefighters", "Fireplace", "Year_Built") VALUES (NULL, NULL, NULL, NULL, 1, 20, 6, 'yes', 1963);
INSERT INTO public."FireClaim" ("PolicyNo", "ClaimNumber", "Premium", "InsuredLocation", "Loss_Ratio", "Nearest_Firestation_miles", "Number_of_Firefighters", "Fireplace", "Year_Built") VALUES (NULL, NULL, NULL, NULL, 0.8, 9, 6, 'yes', 1964);
INSERT INTO public."FireClaim" ("PolicyNo", "ClaimNumber", "Premium", "InsuredLocation", "Loss_Ratio", "Nearest_Firestation_miles", "Number_of_Firefighters", "Fireplace", "Year_Built") VALUES (NULL, NULL, NULL, NULL, 0.9, 17, 5, 'yes', 1976);
INSERT INTO public."FireClaim" ("PolicyNo", "ClaimNumber", "Premium", "InsuredLocation", "Loss_Ratio", "Nearest_Firestation_miles", "Number_of_Firefighters", "Fireplace", "Year_Built") VALUES (NULL, NULL, NULL, NULL, 0.9, 14, 4, 'yes', 1978);
INSERT INTO public."FireClaim" ("PolicyNo", "ClaimNumber", "Premium", "InsuredLocation", "Loss_Ratio", "Nearest_Firestation_miles", "Number_of_Firefighters", "Fireplace", "Year_Built") VALUES (NULL, NULL, NULL, NULL, 1.1, 7, 4, 'yes', 1979);
INSERT INTO public."FireClaim" ("PolicyNo", "ClaimNumber", "Premium", "InsuredLocation", "Loss_Ratio", "Nearest_Firestation_miles", "Number_of_Firefighters", "Fireplace", "Year_Built") VALUES (NULL, NULL, NULL, NULL, 0.7, 5, 5, 'yes', 1976);
INSERT INTO public."FireClaim" ("PolicyNo", "ClaimNumber", "Premium", "InsuredLocation", "Loss_Ratio", "Nearest_Firestation_miles", "Number_of_Firefighters", "Fireplace", "Year_Built") VALUES (NULL, NULL, NULL, NULL, 0.8, 6, 6, 'yes', 1990);
INSERT INTO public."FireClaim" ("PolicyNo", "ClaimNumber", "Premium", "InsuredLocation", "Loss_Ratio", "Nearest_Firestation_miles", "Number_of_Firefighters", "Fireplace", "Year_Built") VALUES (NULL, NULL, NULL, NULL, 1.1, 16, 6, 'yes', 1964);
INSERT INTO public."FireClaim" ("PolicyNo", "ClaimNumber", "Premium", "InsuredLocation", "Loss_Ratio", "Nearest_Firestation_miles", "Number_of_Firefighters", "Fireplace", "Year_Built") VALUES (NULL, NULL, NULL, NULL, 0.6, 6, 4, 'yes', 1965);
INSERT INTO public."FireClaim" ("PolicyNo", "ClaimNumber", "Premium", "InsuredLocation", "Loss_Ratio", "Nearest_Firestation_miles", "Number_of_Firefighters", "Fireplace", "Year_Built") VALUES (NULL, NULL, NULL, NULL, 0.7, 10, 6, 'yes', 1990);
INSERT INTO public."FireClaim" ("PolicyNo", "ClaimNumber", "Premium", "InsuredLocation", "Loss_Ratio", "Nearest_Firestation_miles", "Number_of_Firefighters", "Fireplace", "Year_Built") VALUES (NULL, NULL, NULL, NULL, 0.9, 20, 6, 'yes', 1991);
INSERT INTO public."FireClaim" ("PolicyNo", "ClaimNumber", "Premium", "InsuredLocation", "Loss_Ratio", "Nearest_Firestation_miles", "Number_of_Firefighters", "Fireplace", "Year_Built") VALUES (NULL, NULL, NULL, NULL, 0.9, 16, 5, 'yes', 1988);
INSERT INTO public."FireClaim" ("PolicyNo", "ClaimNumber", "Premium", "InsuredLocation", "Loss_Ratio", "Nearest_Firestation_miles", "Number_of_Firefighters", "Fireplace", "Year_Built") VALUES (NULL, NULL, NULL, NULL, 1, 5, 5, 'yes', 1974);
INSERT INTO public."FireClaim" ("PolicyNo", "ClaimNumber", "Premium", "InsuredLocation", "Loss_Ratio", "Nearest_Firestation_miles", "Number_of_Firefighters", "Fireplace", "Year_Built") VALUES (NULL, NULL, NULL, NULL, 1.1, 20, 5, 'yes', 1990);
INSERT INTO public."FireClaim" ("PolicyNo", "ClaimNumber", "Premium", "InsuredLocation", "Loss_Ratio", "Nearest_Firestation_miles", "Number_of_Firefighters", "Fireplace", "Year_Built") VALUES (NULL, NULL, NULL, NULL, 0.8, 11, 6, 'yes', 1983);
INSERT INTO public."FireClaim" ("PolicyNo", "ClaimNumber", "Premium", "InsuredLocation", "Loss_Ratio", "Nearest_Firestation_miles", "Number_of_Firefighters", "Fireplace", "Year_Built") VALUES (NULL, NULL, NULL, NULL, 0.9, 19, 6, 'yes', 1963);
INSERT INTO public."FireClaim" ("PolicyNo", "ClaimNumber", "Premium", "InsuredLocation", "Loss_Ratio", "Nearest_Firestation_miles", "Number_of_Firefighters", "Fireplace", "Year_Built") VALUES (NULL, NULL, NULL, NULL, 1, 7, 6, 'yes', 1973);
INSERT INTO public."FireClaim" ("PolicyNo", "ClaimNumber", "Premium", "InsuredLocation", "Loss_Ratio", "Nearest_Firestation_miles", "Number_of_Firefighters", "Fireplace", "Year_Built") VALUES (NULL, NULL, NULL, NULL, 0.7, 11, 4, 'yes', 1975);
INSERT INTO public."FireClaim" ("PolicyNo", "ClaimNumber", "Premium", "InsuredLocation", "Loss_Ratio", "Nearest_Firestation_miles", "Number_of_Firefighters", "Fireplace", "Year_Built") VALUES (NULL, NULL, NULL, NULL, 1, 12, 6, 'yes', 1968);
INSERT INTO public."FireClaim" ("PolicyNo", "ClaimNumber", "Premium", "InsuredLocation", "Loss_Ratio", "Nearest_Firestation_miles", "Number_of_Firefighters", "Fireplace", "Year_Built") VALUES (NULL, NULL, NULL, NULL, 0.9, 18, 4, 'yes', 1984);
INSERT INTO public."FireClaim" ("PolicyNo", "ClaimNumber", "Premium", "InsuredLocation", "Loss_Ratio", "Nearest_Firestation_miles", "Number_of_Firefighters", "Fireplace", "Year_Built") VALUES (NULL, NULL, NULL, NULL, 0.9, 9, 5, 'yes', 1967);
INSERT INTO public."FireClaim" ("PolicyNo", "ClaimNumber", "Premium", "InsuredLocation", "Loss_Ratio", "Nearest_Firestation_miles", "Number_of_Firefighters", "Fireplace", "Year_Built") VALUES (NULL, NULL, NULL, NULL, 0.8, 10, 5, 'yes', 1988);
INSERT INTO public."FireClaim" ("PolicyNo", "ClaimNumber", "Premium", "InsuredLocation", "Loss_Ratio", "Nearest_Firestation_miles", "Number_of_Firefighters", "Fireplace", "Year_Built") VALUES (NULL, NULL, NULL, NULL, 0.9, 6, 5, 'yes', 1975);
INSERT INTO public."FireClaim" ("PolicyNo", "ClaimNumber", "Premium", "InsuredLocation", "Loss_Ratio", "Nearest_Firestation_miles", "Number_of_Firefighters", "Fireplace", "Year_Built") VALUES (NULL, NULL, NULL, NULL, 0.6, 13, 5, 'yes', 1970);
INSERT INTO public."FireClaim" ("PolicyNo", "ClaimNumber", "Premium", "InsuredLocation", "Loss_Ratio", "Nearest_Firestation_miles", "Number_of_Firefighters", "Fireplace", "Year_Built") VALUES (NULL, NULL, NULL, NULL, 0.6, 5, 4, 'yes', 1985);
INSERT INTO public."FireClaim" ("PolicyNo", "ClaimNumber", "Premium", "InsuredLocation", "Loss_Ratio", "Nearest_Firestation_miles", "Number_of_Firefighters", "Fireplace", "Year_Built") VALUES (NULL, NULL, NULL, NULL, 0.7, 11, 5, 'yes', 1979);
INSERT INTO public."FireClaim" ("PolicyNo", "ClaimNumber", "Premium", "InsuredLocation", "Loss_Ratio", "Nearest_Firestation_miles", "Number_of_Firefighters", "Fireplace", "Year_Built") VALUES (NULL, NULL, NULL, NULL, 0.7, 11, 4, 'yes', 1984);
INSERT INTO public."FireClaim" ("PolicyNo", "ClaimNumber", "Premium", "InsuredLocation", "Loss_Ratio", "Nearest_Firestation_miles", "Number_of_Firefighters", "Fireplace", "Year_Built") VALUES (NULL, NULL, NULL, NULL, 1.1, 13, 5, 'yes', 1989);
INSERT INTO public."FireClaim" ("PolicyNo", "ClaimNumber", "Premium", "InsuredLocation", "Loss_Ratio", "Nearest_Firestation_miles", "Number_of_Firefighters", "Fireplace", "Year_Built") VALUES (NULL, NULL, NULL, NULL, 1.1, 6, 5, 'yes', 1976);
INSERT INTO public."FireClaim" ("PolicyNo", "ClaimNumber", "Premium", "InsuredLocation", "Loss_Ratio", "Nearest_Firestation_miles", "Number_of_Firefighters", "Fireplace", "Year_Built") VALUES (NULL, NULL, NULL, NULL, 1, 16, 4, 'yes', 1964);
INSERT INTO public."FireClaim" ("PolicyNo", "ClaimNumber", "Premium", "InsuredLocation", "Loss_Ratio", "Nearest_Firestation_miles", "Number_of_Firefighters", "Fireplace", "Year_Built") VALUES (NULL, NULL, NULL, NULL, 0.9, 10, 4, 'yes', 1965);
INSERT INTO public."FireClaim" ("PolicyNo", "ClaimNumber", "Premium", "InsuredLocation", "Loss_Ratio", "Nearest_Firestation_miles", "Number_of_Firefighters", "Fireplace", "Year_Built") VALUES (NULL, NULL, NULL, NULL, 0.7, 5, 4, 'yes', 1985);
INSERT INTO public."FireClaim" ("PolicyNo", "ClaimNumber", "Premium", "InsuredLocation", "Loss_Ratio", "Nearest_Firestation_miles", "Number_of_Firefighters", "Fireplace", "Year_Built") VALUES (NULL, NULL, NULL, NULL, 1.1, 16, 6, 'yes', 1974);
INSERT INTO public."FireClaim" ("PolicyNo", "ClaimNumber", "Premium", "InsuredLocation", "Loss_Ratio", "Nearest_Firestation_miles", "Number_of_Firefighters", "Fireplace", "Year_Built") VALUES (NULL, NULL, NULL, NULL, 0.7, 12, 5, 'yes', 1976);
INSERT INTO public."FireClaim" ("PolicyNo", "ClaimNumber", "Premium", "InsuredLocation", "Loss_Ratio", "Nearest_Firestation_miles", "Number_of_Firefighters", "Fireplace", "Year_Built") VALUES (NULL, NULL, NULL, NULL, 0.9, 20, 5, 'yes', 1994);
INSERT INTO public."FireClaim" ("PolicyNo", "ClaimNumber", "Premium", "InsuredLocation", "Loss_Ratio", "Nearest_Firestation_miles", "Number_of_Firefighters", "Fireplace", "Year_Built") VALUES (NULL, NULL, NULL, NULL, 1, 5, 5, 'yes', 1973);
INSERT INTO public."FireClaim" ("PolicyNo", "ClaimNumber", "Premium", "InsuredLocation", "Loss_Ratio", "Nearest_Firestation_miles", "Number_of_Firefighters", "Fireplace", "Year_Built") VALUES (NULL, NULL, NULL, NULL, 1.1, 16, 4, 'yes', 1966);
INSERT INTO public."FireClaim" ("PolicyNo", "ClaimNumber", "Premium", "InsuredLocation", "Loss_Ratio", "Nearest_Firestation_miles", "Number_of_Firefighters", "Fireplace", "Year_Built") VALUES (NULL, NULL, NULL, NULL, 1, 19, 4, 'yes', 1976);
INSERT INTO public."FireClaim" ("PolicyNo", "ClaimNumber", "Premium", "InsuredLocation", "Loss_Ratio", "Nearest_Firestation_miles", "Number_of_Firefighters", "Fireplace", "Year_Built") VALUES (NULL, NULL, NULL, NULL, 0.7, 12, 6, 'yes', 1967);
INSERT INTO public."FireClaim" ("PolicyNo", "ClaimNumber", "Premium", "InsuredLocation", "Loss_Ratio", "Nearest_Firestation_miles", "Number_of_Firefighters", "Fireplace", "Year_Built") VALUES (NULL, NULL, NULL, NULL, 0.7, 6, 6, 'yes', 1987);
INSERT INTO public."FireClaim" ("PolicyNo", "ClaimNumber", "Premium", "InsuredLocation", "Loss_Ratio", "Nearest_Firestation_miles", "Number_of_Firefighters", "Fireplace", "Year_Built") VALUES (NULL, NULL, NULL, NULL, 1.1, 11, 5, 'yes', 1979);
INSERT INTO public."FireClaim" ("PolicyNo", "ClaimNumber", "Premium", "InsuredLocation", "Loss_Ratio", "Nearest_Firestation_miles", "Number_of_Firefighters", "Fireplace", "Year_Built") VALUES (NULL, NULL, NULL, NULL, 1.1, 13, 4, 'yes', 1962);
INSERT INTO public."FireClaim" ("PolicyNo", "ClaimNumber", "Premium", "InsuredLocation", "Loss_Ratio", "Nearest_Firestation_miles", "Number_of_Firefighters", "Fireplace", "Year_Built") VALUES (NULL, NULL, NULL, NULL, 1.1, 13, 5, 'yes', 1961);
INSERT INTO public."FireClaim" ("PolicyNo", "ClaimNumber", "Premium", "InsuredLocation", "Loss_Ratio", "Nearest_Firestation_miles", "Number_of_Firefighters", "Fireplace", "Year_Built") VALUES (NULL, NULL, NULL, NULL, 0.6, 20, 5, 'yes', 1983);
INSERT INTO public."FireClaim" ("PolicyNo", "ClaimNumber", "Premium", "InsuredLocation", "Loss_Ratio", "Nearest_Firestation_miles", "Number_of_Firefighters", "Fireplace", "Year_Built") VALUES (NULL, NULL, NULL, NULL, 0.9, 15, 4, 'yes', 1983);
INSERT INTO public."FireClaim" ("PolicyNo", "ClaimNumber", "Premium", "InsuredLocation", "Loss_Ratio", "Nearest_Firestation_miles", "Number_of_Firefighters", "Fireplace", "Year_Built") VALUES (NULL, NULL, NULL, NULL, 0.7, 14, 4, 'yes', 1990);
INSERT INTO public."FireClaim" ("PolicyNo", "ClaimNumber", "Premium", "InsuredLocation", "Loss_Ratio", "Nearest_Firestation_miles", "Number_of_Firefighters", "Fireplace", "Year_Built") VALUES (NULL, NULL, NULL, NULL, 0.8, 8, 6, 'yes', 1961);
INSERT INTO public."FireClaim" ("PolicyNo", "ClaimNumber", "Premium", "InsuredLocation", "Loss_Ratio", "Nearest_Firestation_miles", "Number_of_Firefighters", "Fireplace", "Year_Built") VALUES (NULL, NULL, NULL, NULL, 0.6, 19, 4, 'yes', 1970);
INSERT INTO public."FireClaim" ("PolicyNo", "ClaimNumber", "Premium", "InsuredLocation", "Loss_Ratio", "Nearest_Firestation_miles", "Number_of_Firefighters", "Fireplace", "Year_Built") VALUES (NULL, NULL, NULL, NULL, 1, 6, 4, 'yes', 1981);
INSERT INTO public."FireClaim" ("PolicyNo", "ClaimNumber", "Premium", "InsuredLocation", "Loss_Ratio", "Nearest_Firestation_miles", "Number_of_Firefighters", "Fireplace", "Year_Built") VALUES (NULL, NULL, NULL, NULL, 0.8, 13, 4, 'yes', 1987);
INSERT INTO public."FireClaim" ("PolicyNo", "ClaimNumber", "Premium", "InsuredLocation", "Loss_Ratio", "Nearest_Firestation_miles", "Number_of_Firefighters", "Fireplace", "Year_Built") VALUES (NULL, NULL, NULL, NULL, 0.8, 16, 4, 'yes', 1967);
INSERT INTO public."FireClaim" ("PolicyNo", "ClaimNumber", "Premium", "InsuredLocation", "Loss_Ratio", "Nearest_Firestation_miles", "Number_of_Firefighters", "Fireplace", "Year_Built") VALUES (NULL, NULL, NULL, NULL, 0.8, 19, 6, 'yes', 1967);
INSERT INTO public."FireClaim" ("PolicyNo", "ClaimNumber", "Premium", "InsuredLocation", "Loss_Ratio", "Nearest_Firestation_miles", "Number_of_Firefighters", "Fireplace", "Year_Built") VALUES (NULL, NULL, NULL, NULL, 0.6, 17, 6, 'yes', 1984);
INSERT INTO public."FireClaim" ("PolicyNo", "ClaimNumber", "Premium", "InsuredLocation", "Loss_Ratio", "Nearest_Firestation_miles", "Number_of_Firefighters", "Fireplace", "Year_Built") VALUES (NULL, NULL, NULL, NULL, 0.9, 7, 6, 'yes', 1960);
INSERT INTO public."FireClaim" ("PolicyNo", "ClaimNumber", "Premium", "InsuredLocation", "Loss_Ratio", "Nearest_Firestation_miles", "Number_of_Firefighters", "Fireplace", "Year_Built") VALUES (NULL, NULL, NULL, NULL, 0.8, 11, 4, 'yes', 1970);
INSERT INTO public."FireClaim" ("PolicyNo", "ClaimNumber", "Premium", "InsuredLocation", "Loss_Ratio", "Nearest_Firestation_miles", "Number_of_Firefighters", "Fireplace", "Year_Built") VALUES (NULL, NULL, NULL, NULL, 0.7, 7, 4, 'yes', 1990);
INSERT INTO public."FireClaim" ("PolicyNo", "ClaimNumber", "Premium", "InsuredLocation", "Loss_Ratio", "Nearest_Firestation_miles", "Number_of_Firefighters", "Fireplace", "Year_Built") VALUES (NULL, NULL, NULL, NULL, 0.8, 7, 5, 'yes', 1968);
INSERT INTO public."FireClaim" ("PolicyNo", "ClaimNumber", "Premium", "InsuredLocation", "Loss_Ratio", "Nearest_Firestation_miles", "Number_of_Firefighters", "Fireplace", "Year_Built") VALUES (NULL, NULL, NULL, NULL, 0.8, 19, 5, 'yes', 1990);
INSERT INTO public."FireClaim" ("PolicyNo", "ClaimNumber", "Premium", "InsuredLocation", "Loss_Ratio", "Nearest_Firestation_miles", "Number_of_Firefighters", "Fireplace", "Year_Built") VALUES (NULL, NULL, NULL, NULL, 0.9, 8, 4, 'yes', 1978);
INSERT INTO public."FireClaim" ("PolicyNo", "ClaimNumber", "Premium", "InsuredLocation", "Loss_Ratio", "Nearest_Firestation_miles", "Number_of_Firefighters", "Fireplace", "Year_Built") VALUES (NULL, NULL, NULL, NULL, 0.7, 14, 4, 'yes', 1986);
INSERT INTO public."FireClaim" ("PolicyNo", "ClaimNumber", "Premium", "InsuredLocation", "Loss_Ratio", "Nearest_Firestation_miles", "Number_of_Firefighters", "Fireplace", "Year_Built") VALUES (NULL, NULL, NULL, NULL, 0.9, 17, 5, 'yes', 1978);
INSERT INTO public."FireClaim" ("PolicyNo", "ClaimNumber", "Premium", "InsuredLocation", "Loss_Ratio", "Nearest_Firestation_miles", "Number_of_Firefighters", "Fireplace", "Year_Built") VALUES (NULL, NULL, NULL, NULL, 1, 15, 6, 'yes', 1985);
INSERT INTO public."FireClaim" ("PolicyNo", "ClaimNumber", "Premium", "InsuredLocation", "Loss_Ratio", "Nearest_Firestation_miles", "Number_of_Firefighters", "Fireplace", "Year_Built") VALUES (NULL, NULL, NULL, NULL, 0.9, 12, 6, 'yes', 1960);
INSERT INTO public."FireClaim" ("PolicyNo", "ClaimNumber", "Premium", "InsuredLocation", "Loss_Ratio", "Nearest_Firestation_miles", "Number_of_Firefighters", "Fireplace", "Year_Built") VALUES (NULL, NULL, NULL, NULL, 0.6, 19, 4, 'yes', 1967);
INSERT INTO public."FireClaim" ("PolicyNo", "ClaimNumber", "Premium", "InsuredLocation", "Loss_Ratio", "Nearest_Firestation_miles", "Number_of_Firefighters", "Fireplace", "Year_Built") VALUES (NULL, NULL, NULL, NULL, 1, 12, 5, 'yes', 1987);
INSERT INTO public."FireClaim" ("PolicyNo", "ClaimNumber", "Premium", "InsuredLocation", "Loss_Ratio", "Nearest_Firestation_miles", "Number_of_Firefighters", "Fireplace", "Year_Built") VALUES (NULL, NULL, NULL, NULL, 0.8, 15, 6, 'yes', 1963);
INSERT INTO public."FireClaim" ("PolicyNo", "ClaimNumber", "Premium", "InsuredLocation", "Loss_Ratio", "Nearest_Firestation_miles", "Number_of_Firefighters", "Fireplace", "Year_Built") VALUES (NULL, NULL, NULL, NULL, 0.7, 16, 4, 'yes', 1961);
INSERT INTO public."FireClaim" ("PolicyNo", "ClaimNumber", "Premium", "InsuredLocation", "Loss_Ratio", "Nearest_Firestation_miles", "Number_of_Firefighters", "Fireplace", "Year_Built") VALUES (NULL, NULL, NULL, NULL, 0.8, 13, 4, 'yes', 1961);
INSERT INTO public."FireClaim" ("PolicyNo", "ClaimNumber", "Premium", "InsuredLocation", "Loss_Ratio", "Nearest_Firestation_miles", "Number_of_Firefighters", "Fireplace", "Year_Built") VALUES (NULL, NULL, NULL, NULL, 0.7, 18, 6, 'yes', 1991);
INSERT INTO public."FireClaim" ("PolicyNo", "ClaimNumber", "Premium", "InsuredLocation", "Loss_Ratio", "Nearest_Firestation_miles", "Number_of_Firefighters", "Fireplace", "Year_Built") VALUES (NULL, NULL, NULL, NULL, 0.8, 8, 6, 'yes', 1976);
INSERT INTO public."FireClaim" ("PolicyNo", "ClaimNumber", "Premium", "InsuredLocation", "Loss_Ratio", "Nearest_Firestation_miles", "Number_of_Firefighters", "Fireplace", "Year_Built") VALUES (NULL, NULL, NULL, NULL, 0.7, 18, 6, 'yes', 1960);
INSERT INTO public."FireClaim" ("PolicyNo", "ClaimNumber", "Premium", "InsuredLocation", "Loss_Ratio", "Nearest_Firestation_miles", "Number_of_Firefighters", "Fireplace", "Year_Built") VALUES (NULL, NULL, NULL, NULL, 0.7, 12, 4, 'yes', 1966);
INSERT INTO public."FireClaim" ("PolicyNo", "ClaimNumber", "Premium", "InsuredLocation", "Loss_Ratio", "Nearest_Firestation_miles", "Number_of_Firefighters", "Fireplace", "Year_Built") VALUES (NULL, NULL, NULL, NULL, 0.6, 5, 4, 'yes', 1993);
INSERT INTO public."FireClaim" ("PolicyNo", "ClaimNumber", "Premium", "InsuredLocation", "Loss_Ratio", "Nearest_Firestation_miles", "Number_of_Firefighters", "Fireplace", "Year_Built") VALUES (NULL, NULL, NULL, NULL, 0.8, 13, 4, 'yes', 1994);
INSERT INTO public."FireClaim" ("PolicyNo", "ClaimNumber", "Premium", "InsuredLocation", "Loss_Ratio", "Nearest_Firestation_miles", "Number_of_Firefighters", "Fireplace", "Year_Built") VALUES (NULL, NULL, NULL, NULL, 1, 6, 5, 'yes', 1968);
INSERT INTO public."FireClaim" ("PolicyNo", "ClaimNumber", "Premium", "InsuredLocation", "Loss_Ratio", "Nearest_Firestation_miles", "Number_of_Firefighters", "Fireplace", "Year_Built") VALUES (NULL, NULL, NULL, NULL, 1.1, 8, 5, 'yes', 1973);
INSERT INTO public."FireClaim" ("PolicyNo", "ClaimNumber", "Premium", "InsuredLocation", "Loss_Ratio", "Nearest_Firestation_miles", "Number_of_Firefighters", "Fireplace", "Year_Built") VALUES (NULL, NULL, NULL, NULL, 0.9, 19, 4, 'yes', 1975);
INSERT INTO public."FireClaim" ("PolicyNo", "ClaimNumber", "Premium", "InsuredLocation", "Loss_Ratio", "Nearest_Firestation_miles", "Number_of_Firefighters", "Fireplace", "Year_Built") VALUES (NULL, NULL, NULL, NULL, 0.7, 20, 4, 'yes', 1991);
INSERT INTO public."FireClaim" ("PolicyNo", "ClaimNumber", "Premium", "InsuredLocation", "Loss_Ratio", "Nearest_Firestation_miles", "Number_of_Firefighters", "Fireplace", "Year_Built") VALUES (NULL, NULL, NULL, NULL, 1, 19, 5, 'yes', 1991);
INSERT INTO public."FireClaim" ("PolicyNo", "ClaimNumber", "Premium", "InsuredLocation", "Loss_Ratio", "Nearest_Firestation_miles", "Number_of_Firefighters", "Fireplace", "Year_Built") VALUES (NULL, NULL, NULL, NULL, 0.8, 11, 5, 'yes', 1989);
INSERT INTO public."FireClaim" ("PolicyNo", "ClaimNumber", "Premium", "InsuredLocation", "Loss_Ratio", "Nearest_Firestation_miles", "Number_of_Firefighters", "Fireplace", "Year_Built") VALUES (NULL, NULL, NULL, NULL, 1.1, 6, 4, 'yes', 1962);
INSERT INTO public."FireClaim" ("PolicyNo", "ClaimNumber", "Premium", "InsuredLocation", "Loss_Ratio", "Nearest_Firestation_miles", "Number_of_Firefighters", "Fireplace", "Year_Built") VALUES (NULL, NULL, NULL, NULL, 0.8, 16, 5, 'yes', 1983);
INSERT INTO public."FireClaim" ("PolicyNo", "ClaimNumber", "Premium", "InsuredLocation", "Loss_Ratio", "Nearest_Firestation_miles", "Number_of_Firefighters", "Fireplace", "Year_Built") VALUES (NULL, NULL, NULL, NULL, 1, 14, 6, 'yes', 1967);
INSERT INTO public."FireClaim" ("PolicyNo", "ClaimNumber", "Premium", "InsuredLocation", "Loss_Ratio", "Nearest_Firestation_miles", "Number_of_Firefighters", "Fireplace", "Year_Built") VALUES (NULL, NULL, NULL, NULL, 1, 14, 4, 'yes', 1985);
INSERT INTO public."FireClaim" ("PolicyNo", "ClaimNumber", "Premium", "InsuredLocation", "Loss_Ratio", "Nearest_Firestation_miles", "Number_of_Firefighters", "Fireplace", "Year_Built") VALUES (NULL, NULL, NULL, NULL, 0.9, 17, 4, 'yes', 1964);
INSERT INTO public."FireClaim" ("PolicyNo", "ClaimNumber", "Premium", "InsuredLocation", "Loss_Ratio", "Nearest_Firestation_miles", "Number_of_Firefighters", "Fireplace", "Year_Built") VALUES (NULL, NULL, NULL, NULL, 0.7, 8, 5, 'yes', 1988);
INSERT INTO public."FireClaim" ("PolicyNo", "ClaimNumber", "Premium", "InsuredLocation", "Loss_Ratio", "Nearest_Firestation_miles", "Number_of_Firefighters", "Fireplace", "Year_Built") VALUES (NULL, NULL, NULL, NULL, 0.8, 19, 4, 'yes', 1988);
INSERT INTO public."FireClaim" ("PolicyNo", "ClaimNumber", "Premium", "InsuredLocation", "Loss_Ratio", "Nearest_Firestation_miles", "Number_of_Firefighters", "Fireplace", "Year_Built") VALUES (NULL, NULL, NULL, NULL, 0.6, 15, 6, 'yes', 1979);
INSERT INTO public."FireClaim" ("PolicyNo", "ClaimNumber", "Premium", "InsuredLocation", "Loss_Ratio", "Nearest_Firestation_miles", "Number_of_Firefighters", "Fireplace", "Year_Built") VALUES (NULL, NULL, NULL, NULL, 0.9, 20, 6, 'yes', 1985);
INSERT INTO public."FireClaim" ("PolicyNo", "ClaimNumber", "Premium", "InsuredLocation", "Loss_Ratio", "Nearest_Firestation_miles", "Number_of_Firefighters", "Fireplace", "Year_Built") VALUES (NULL, NULL, NULL, NULL, 1, 20, 6, 'yes', 1983);
INSERT INTO public."FireClaim" ("PolicyNo", "ClaimNumber", "Premium", "InsuredLocation", "Loss_Ratio", "Nearest_Firestation_miles", "Number_of_Firefighters", "Fireplace", "Year_Built") VALUES (NULL, NULL, NULL, NULL, 0.9, 6, 6, 'yes', 1994);
INSERT INTO public."FireClaim" ("PolicyNo", "ClaimNumber", "Premium", "InsuredLocation", "Loss_Ratio", "Nearest_Firestation_miles", "Number_of_Firefighters", "Fireplace", "Year_Built") VALUES (NULL, NULL, NULL, NULL, 1.1, 10, 6, 'yes', 1977);
INSERT INTO public."FireClaim" ("PolicyNo", "ClaimNumber", "Premium", "InsuredLocation", "Loss_Ratio", "Nearest_Firestation_miles", "Number_of_Firefighters", "Fireplace", "Year_Built") VALUES (NULL, NULL, NULL, NULL, 0.8, 7, 4, 'yes', 1964);
INSERT INTO public."FireClaim" ("PolicyNo", "ClaimNumber", "Premium", "InsuredLocation", "Loss_Ratio", "Nearest_Firestation_miles", "Number_of_Firefighters", "Fireplace", "Year_Built") VALUES (NULL, NULL, NULL, NULL, 1, 12, 6, 'yes', 1977);
INSERT INTO public."FireClaim" ("PolicyNo", "ClaimNumber", "Premium", "InsuredLocation", "Loss_Ratio", "Nearest_Firestation_miles", "Number_of_Firefighters", "Fireplace", "Year_Built") VALUES (NULL, NULL, NULL, NULL, 0.8, 7, 4, 'yes', 1979);
INSERT INTO public."FireClaim" ("PolicyNo", "ClaimNumber", "Premium", "InsuredLocation", "Loss_Ratio", "Nearest_Firestation_miles", "Number_of_Firefighters", "Fireplace", "Year_Built") VALUES (NULL, NULL, NULL, NULL, 1.1, 14, 4, 'yes', 1987);
INSERT INTO public."FireClaim" ("PolicyNo", "ClaimNumber", "Premium", "InsuredLocation", "Loss_Ratio", "Nearest_Firestation_miles", "Number_of_Firefighters", "Fireplace", "Year_Built") VALUES (NULL, NULL, NULL, NULL, 0.8, 18, 5, 'yes', 1967);
INSERT INTO public."FireClaim" ("PolicyNo", "ClaimNumber", "Premium", "InsuredLocation", "Loss_Ratio", "Nearest_Firestation_miles", "Number_of_Firefighters", "Fireplace", "Year_Built") VALUES (NULL, NULL, NULL, NULL, 0.6, 12, 6, 'yes', 1990);
INSERT INTO public."FireClaim" ("PolicyNo", "ClaimNumber", "Premium", "InsuredLocation", "Loss_Ratio", "Nearest_Firestation_miles", "Number_of_Firefighters", "Fireplace", "Year_Built") VALUES (NULL, NULL, NULL, NULL, 0.9, 12, 4, 'yes', 1969);
INSERT INTO public."FireClaim" ("PolicyNo", "ClaimNumber", "Premium", "InsuredLocation", "Loss_Ratio", "Nearest_Firestation_miles", "Number_of_Firefighters", "Fireplace", "Year_Built") VALUES (NULL, NULL, NULL, NULL, 1, 13, 5, 'yes', 1964);
INSERT INTO public."FireClaim" ("PolicyNo", "ClaimNumber", "Premium", "InsuredLocation", "Loss_Ratio", "Nearest_Firestation_miles", "Number_of_Firefighters", "Fireplace", "Year_Built") VALUES (NULL, NULL, NULL, NULL, 0.9, 9, 5, 'yes', 1987);
INSERT INTO public."FireClaim" ("PolicyNo", "ClaimNumber", "Premium", "InsuredLocation", "Loss_Ratio", "Nearest_Firestation_miles", "Number_of_Firefighters", "Fireplace", "Year_Built") VALUES (NULL, NULL, NULL, NULL, 1, 20, 5, 'yes', 1979);
INSERT INTO public."FireClaim" ("PolicyNo", "ClaimNumber", "Premium", "InsuredLocation", "Loss_Ratio", "Nearest_Firestation_miles", "Number_of_Firefighters", "Fireplace", "Year_Built") VALUES (NULL, NULL, NULL, NULL, 0.7, 13, 4, 'yes', 1960);
INSERT INTO public."FireClaim" ("PolicyNo", "ClaimNumber", "Premium", "InsuredLocation", "Loss_Ratio", "Nearest_Firestation_miles", "Number_of_Firefighters", "Fireplace", "Year_Built") VALUES (NULL, NULL, NULL, NULL, 0.8, 10, 6, 'yes', 1988);
INSERT INTO public."FireClaim" ("PolicyNo", "ClaimNumber", "Premium", "InsuredLocation", "Loss_Ratio", "Nearest_Firestation_miles", "Number_of_Firefighters", "Fireplace", "Year_Built") VALUES (NULL, NULL, NULL, NULL, 0.6, 19, 4, 'yes', 1992);
INSERT INTO public."FireClaim" ("PolicyNo", "ClaimNumber", "Premium", "InsuredLocation", "Loss_Ratio", "Nearest_Firestation_miles", "Number_of_Firefighters", "Fireplace", "Year_Built") VALUES (NULL, NULL, NULL, NULL, 1.1, 6, 6, 'yes', 1994);
INSERT INTO public."FireClaim" ("PolicyNo", "ClaimNumber", "Premium", "InsuredLocation", "Loss_Ratio", "Nearest_Firestation_miles", "Number_of_Firefighters", "Fireplace", "Year_Built") VALUES (NULL, NULL, NULL, NULL, 0.7, 20, 6, 'yes', 1968);
INSERT INTO public."FireClaim" ("PolicyNo", "ClaimNumber", "Premium", "InsuredLocation", "Loss_Ratio", "Nearest_Firestation_miles", "Number_of_Firefighters", "Fireplace", "Year_Built") VALUES (NULL, NULL, NULL, NULL, 0.7, 16, 5, 'yes', 1987);
INSERT INTO public."FireClaim" ("PolicyNo", "ClaimNumber", "Premium", "InsuredLocation", "Loss_Ratio", "Nearest_Firestation_miles", "Number_of_Firefighters", "Fireplace", "Year_Built") VALUES (NULL, NULL, NULL, NULL, 1.1, 8, 4, 'yes', 1985);
INSERT INTO public."FireClaim" ("PolicyNo", "ClaimNumber", "Premium", "InsuredLocation", "Loss_Ratio", "Nearest_Firestation_miles", "Number_of_Firefighters", "Fireplace", "Year_Built") VALUES (NULL, NULL, NULL, NULL, 0.7, 6, 4, 'yes', 1993);
INSERT INTO public."FireClaim" ("PolicyNo", "ClaimNumber", "Premium", "InsuredLocation", "Loss_Ratio", "Nearest_Firestation_miles", "Number_of_Firefighters", "Fireplace", "Year_Built") VALUES (NULL, NULL, NULL, NULL, 0.6, 16, 4, 'yes', 1967);
INSERT INTO public."FireClaim" ("PolicyNo", "ClaimNumber", "Premium", "InsuredLocation", "Loss_Ratio", "Nearest_Firestation_miles", "Number_of_Firefighters", "Fireplace", "Year_Built") VALUES (NULL, NULL, NULL, NULL, 0.7, 5, 4, 'yes', 1988);
INSERT INTO public."FireClaim" ("PolicyNo", "ClaimNumber", "Premium", "InsuredLocation", "Loss_Ratio", "Nearest_Firestation_miles", "Number_of_Firefighters", "Fireplace", "Year_Built") VALUES (NULL, NULL, NULL, NULL, 0.7, 5, 4, 'yes', 1965);
INSERT INTO public."FireClaim" ("PolicyNo", "ClaimNumber", "Premium", "InsuredLocation", "Loss_Ratio", "Nearest_Firestation_miles", "Number_of_Firefighters", "Fireplace", "Year_Built") VALUES (NULL, NULL, NULL, NULL, 0.8, 8, 5, 'yes', 1968);
INSERT INTO public."FireClaim" ("PolicyNo", "ClaimNumber", "Premium", "InsuredLocation", "Loss_Ratio", "Nearest_Firestation_miles", "Number_of_Firefighters", "Fireplace", "Year_Built") VALUES (NULL, NULL, NULL, NULL, 1.1, 13, 6, 'yes', 1981);
INSERT INTO public."FireClaim" ("PolicyNo", "ClaimNumber", "Premium", "InsuredLocation", "Loss_Ratio", "Nearest_Firestation_miles", "Number_of_Firefighters", "Fireplace", "Year_Built") VALUES (NULL, NULL, NULL, NULL, 0.7, 19, 6, 'yes', 1964);
INSERT INTO public."FireClaim" ("PolicyNo", "ClaimNumber", "Premium", "InsuredLocation", "Loss_Ratio", "Nearest_Firestation_miles", "Number_of_Firefighters", "Fireplace", "Year_Built") VALUES (NULL, NULL, NULL, NULL, 1.1, 19, 4, 'yes', 1972);
INSERT INTO public."FireClaim" ("PolicyNo", "ClaimNumber", "Premium", "InsuredLocation", "Loss_Ratio", "Nearest_Firestation_miles", "Number_of_Firefighters", "Fireplace", "Year_Built") VALUES (NULL, NULL, NULL, NULL, 0.8, 14, 6, 'yes', 1989);
INSERT INTO public."FireClaim" ("PolicyNo", "ClaimNumber", "Premium", "InsuredLocation", "Loss_Ratio", "Nearest_Firestation_miles", "Number_of_Firefighters", "Fireplace", "Year_Built") VALUES (NULL, NULL, NULL, NULL, 0.7, 13, 5, 'yes', 1994);
INSERT INTO public."FireClaim" ("PolicyNo", "ClaimNumber", "Premium", "InsuredLocation", "Loss_Ratio", "Nearest_Firestation_miles", "Number_of_Firefighters", "Fireplace", "Year_Built") VALUES (NULL, NULL, NULL, NULL, 0.7, 19, 4, 'yes', 1964);
INSERT INTO public."FireClaim" ("PolicyNo", "ClaimNumber", "Premium", "InsuredLocation", "Loss_Ratio", "Nearest_Firestation_miles", "Number_of_Firefighters", "Fireplace", "Year_Built") VALUES (NULL, NULL, NULL, NULL, 0.8, 20, 5, 'yes', 1982);
INSERT INTO public."FireClaim" ("PolicyNo", "ClaimNumber", "Premium", "InsuredLocation", "Loss_Ratio", "Nearest_Firestation_miles", "Number_of_Firefighters", "Fireplace", "Year_Built") VALUES (NULL, NULL, NULL, NULL, 0.9, 5, 4, 'yes', 1975);
INSERT INTO public."FireClaim" ("PolicyNo", "ClaimNumber", "Premium", "InsuredLocation", "Loss_Ratio", "Nearest_Firestation_miles", "Number_of_Firefighters", "Fireplace", "Year_Built") VALUES (NULL, NULL, NULL, NULL, 1.1, 12, 6, 'yes', 1987);
INSERT INTO public."FireClaim" ("PolicyNo", "ClaimNumber", "Premium", "InsuredLocation", "Loss_Ratio", "Nearest_Firestation_miles", "Number_of_Firefighters", "Fireplace", "Year_Built") VALUES (NULL, NULL, NULL, NULL, 0.8, 16, 6, 'yes', 1992);
INSERT INTO public."FireClaim" ("PolicyNo", "ClaimNumber", "Premium", "InsuredLocation", "Loss_Ratio", "Nearest_Firestation_miles", "Number_of_Firefighters", "Fireplace", "Year_Built") VALUES (NULL, NULL, NULL, NULL, 0.6, 18, 5, 'yes', 1967);
INSERT INTO public."FireClaim" ("PolicyNo", "ClaimNumber", "Premium", "InsuredLocation", "Loss_Ratio", "Nearest_Firestation_miles", "Number_of_Firefighters", "Fireplace", "Year_Built") VALUES (NULL, NULL, NULL, NULL, 1.1, 8, 5, 'yes', 1977);
INSERT INTO public."FireClaim" ("PolicyNo", "ClaimNumber", "Premium", "InsuredLocation", "Loss_Ratio", "Nearest_Firestation_miles", "Number_of_Firefighters", "Fireplace", "Year_Built") VALUES (NULL, NULL, NULL, NULL, 0.7, 10, 6, 'yes', 1965);
INSERT INTO public."FireClaim" ("PolicyNo", "ClaimNumber", "Premium", "InsuredLocation", "Loss_Ratio", "Nearest_Firestation_miles", "Number_of_Firefighters", "Fireplace", "Year_Built") VALUES (NULL, NULL, NULL, NULL, 0.9, 17, 6, 'yes', 1961);
INSERT INTO public."FireClaim" ("PolicyNo", "ClaimNumber", "Premium", "InsuredLocation", "Loss_Ratio", "Nearest_Firestation_miles", "Number_of_Firefighters", "Fireplace", "Year_Built") VALUES (NULL, NULL, NULL, NULL, 0.6, 9, 6, 'yes', 1977);
INSERT INTO public."FireClaim" ("PolicyNo", "ClaimNumber", "Premium", "InsuredLocation", "Loss_Ratio", "Nearest_Firestation_miles", "Number_of_Firefighters", "Fireplace", "Year_Built") VALUES (NULL, NULL, NULL, NULL, 0.6, 19, 4, 'yes', 1982);
INSERT INTO public."FireClaim" ("PolicyNo", "ClaimNumber", "Premium", "InsuredLocation", "Loss_Ratio", "Nearest_Firestation_miles", "Number_of_Firefighters", "Fireplace", "Year_Built") VALUES (NULL, NULL, NULL, NULL, 0.6, 13, 5, 'yes', 1983);
INSERT INTO public."FireClaim" ("PolicyNo", "ClaimNumber", "Premium", "InsuredLocation", "Loss_Ratio", "Nearest_Firestation_miles", "Number_of_Firefighters", "Fireplace", "Year_Built") VALUES (NULL, NULL, NULL, NULL, 0.6, 13, 4, 'yes', 1987);
INSERT INTO public."FireClaim" ("PolicyNo", "ClaimNumber", "Premium", "InsuredLocation", "Loss_Ratio", "Nearest_Firestation_miles", "Number_of_Firefighters", "Fireplace", "Year_Built") VALUES (NULL, NULL, NULL, NULL, 1, 7, 5, 'yes', 1992);
INSERT INTO public."FireClaim" ("PolicyNo", "ClaimNumber", "Premium", "InsuredLocation", "Loss_Ratio", "Nearest_Firestation_miles", "Number_of_Firefighters", "Fireplace", "Year_Built") VALUES (NULL, NULL, NULL, NULL, 0.9, 16, 5, 'yes', 1992);
INSERT INTO public."FireClaim" ("PolicyNo", "ClaimNumber", "Premium", "InsuredLocation", "Loss_Ratio", "Nearest_Firestation_miles", "Number_of_Firefighters", "Fireplace", "Year_Built") VALUES (NULL, NULL, NULL, NULL, 0.9, 5, 5, 'yes', 1972);
INSERT INTO public."FireClaim" ("PolicyNo", "ClaimNumber", "Premium", "InsuredLocation", "Loss_Ratio", "Nearest_Firestation_miles", "Number_of_Firefighters", "Fireplace", "Year_Built") VALUES (NULL, NULL, NULL, NULL, 0.7, 6, 6, 'yes', 1963);
INSERT INTO public."FireClaim" ("PolicyNo", "ClaimNumber", "Premium", "InsuredLocation", "Loss_Ratio", "Nearest_Firestation_miles", "Number_of_Firefighters", "Fireplace", "Year_Built") VALUES (NULL, NULL, NULL, NULL, 1.1, 8, 4, 'yes', 1963);
INSERT INTO public."FireClaim" ("PolicyNo", "ClaimNumber", "Premium", "InsuredLocation", "Loss_Ratio", "Nearest_Firestation_miles", "Number_of_Firefighters", "Fireplace", "Year_Built") VALUES (NULL, NULL, NULL, NULL, 0.7, 13, 5, 'yes', 1976);
INSERT INTO public."FireClaim" ("PolicyNo", "ClaimNumber", "Premium", "InsuredLocation", "Loss_Ratio", "Nearest_Firestation_miles", "Number_of_Firefighters", "Fireplace", "Year_Built") VALUES (NULL, NULL, NULL, NULL, 0.9, 18, 5, 'yes', 1961);
INSERT INTO public."FireClaim" ("PolicyNo", "ClaimNumber", "Premium", "InsuredLocation", "Loss_Ratio", "Nearest_Firestation_miles", "Number_of_Firefighters", "Fireplace", "Year_Built") VALUES (NULL, NULL, NULL, NULL, 0.7, 20, 6, 'yes', 1976);
INSERT INTO public."FireClaim" ("PolicyNo", "ClaimNumber", "Premium", "InsuredLocation", "Loss_Ratio", "Nearest_Firestation_miles", "Number_of_Firefighters", "Fireplace", "Year_Built") VALUES (NULL, NULL, NULL, NULL, 0.6, 17, 4, 'yes', 1984);
INSERT INTO public."FireClaim" ("PolicyNo", "ClaimNumber", "Premium", "InsuredLocation", "Loss_Ratio", "Nearest_Firestation_miles", "Number_of_Firefighters", "Fireplace", "Year_Built") VALUES (NULL, NULL, NULL, NULL, 0.8, 16, 4, 'yes', 1960);
INSERT INTO public."FireClaim" ("PolicyNo", "ClaimNumber", "Premium", "InsuredLocation", "Loss_Ratio", "Nearest_Firestation_miles", "Number_of_Firefighters", "Fireplace", "Year_Built") VALUES (NULL, NULL, NULL, NULL, 0.6, 13, 4, 'yes', 1987);
INSERT INTO public."FireClaim" ("PolicyNo", "ClaimNumber", "Premium", "InsuredLocation", "Loss_Ratio", "Nearest_Firestation_miles", "Number_of_Firefighters", "Fireplace", "Year_Built") VALUES (NULL, NULL, NULL, NULL, 0.6, 18, 5, 'yes', 1988);
INSERT INTO public."FireClaim" ("PolicyNo", "ClaimNumber", "Premium", "InsuredLocation", "Loss_Ratio", "Nearest_Firestation_miles", "Number_of_Firefighters", "Fireplace", "Year_Built") VALUES (NULL, NULL, NULL, NULL, 0.7, 5, 6, 'yes', 1980);
INSERT INTO public."FireClaim" ("PolicyNo", "ClaimNumber", "Premium", "InsuredLocation", "Loss_Ratio", "Nearest_Firestation_miles", "Number_of_Firefighters", "Fireplace", "Year_Built") VALUES (NULL, NULL, NULL, NULL, 0.9, 16, 5, 'yes', 1977);
INSERT INTO public."FireClaim" ("PolicyNo", "ClaimNumber", "Premium", "InsuredLocation", "Loss_Ratio", "Nearest_Firestation_miles", "Number_of_Firefighters", "Fireplace", "Year_Built") VALUES (NULL, NULL, NULL, NULL, 0.6, 15, 5, 'yes', 1992);
INSERT INTO public."FireClaim" ("PolicyNo", "ClaimNumber", "Premium", "InsuredLocation", "Loss_Ratio", "Nearest_Firestation_miles", "Number_of_Firefighters", "Fireplace", "Year_Built") VALUES (NULL, NULL, NULL, NULL, 1.1, 9, 4, 'yes', 1974);
INSERT INTO public."FireClaim" ("PolicyNo", "ClaimNumber", "Premium", "InsuredLocation", "Loss_Ratio", "Nearest_Firestation_miles", "Number_of_Firefighters", "Fireplace", "Year_Built") VALUES (NULL, NULL, NULL, NULL, 1.1, 8, 4, 'yes', 1986);
INSERT INTO public."FireClaim" ("PolicyNo", "ClaimNumber", "Premium", "InsuredLocation", "Loss_Ratio", "Nearest_Firestation_miles", "Number_of_Firefighters", "Fireplace", "Year_Built") VALUES (NULL, NULL, NULL, NULL, 0.7, 10, 5, 'yes', 1992);
INSERT INTO public."FireClaim" ("PolicyNo", "ClaimNumber", "Premium", "InsuredLocation", "Loss_Ratio", "Nearest_Firestation_miles", "Number_of_Firefighters", "Fireplace", "Year_Built") VALUES (NULL, NULL, NULL, NULL, 0.8, 14, 5, 'yes', 1971);
INSERT INTO public."FireClaim" ("PolicyNo", "ClaimNumber", "Premium", "InsuredLocation", "Loss_Ratio", "Nearest_Firestation_miles", "Number_of_Firefighters", "Fireplace", "Year_Built") VALUES (NULL, NULL, NULL, NULL, 0.6, 5, 5, 'yes', 1974);
INSERT INTO public."FireClaim" ("PolicyNo", "ClaimNumber", "Premium", "InsuredLocation", "Loss_Ratio", "Nearest_Firestation_miles", "Number_of_Firefighters", "Fireplace", "Year_Built") VALUES (NULL, NULL, NULL, NULL, 0.8, 9, 4, 'yes', 1987);
INSERT INTO public."FireClaim" ("PolicyNo", "ClaimNumber", "Premium", "InsuredLocation", "Loss_Ratio", "Nearest_Firestation_miles", "Number_of_Firefighters", "Fireplace", "Year_Built") VALUES (NULL, NULL, NULL, NULL, 0.9, 14, 5, 'yes', 1968);
INSERT INTO public."FireClaim" ("PolicyNo", "ClaimNumber", "Premium", "InsuredLocation", "Loss_Ratio", "Nearest_Firestation_miles", "Number_of_Firefighters", "Fireplace", "Year_Built") VALUES (NULL, NULL, NULL, NULL, 1, 10, 6, 'yes', 1980);
INSERT INTO public."FireClaim" ("PolicyNo", "ClaimNumber", "Premium", "InsuredLocation", "Loss_Ratio", "Nearest_Firestation_miles", "Number_of_Firefighters", "Fireplace", "Year_Built") VALUES (NULL, NULL, NULL, NULL, 0.6, 15, 5, 'yes', 1980);
INSERT INTO public."FireClaim" ("PolicyNo", "ClaimNumber", "Premium", "InsuredLocation", "Loss_Ratio", "Nearest_Firestation_miles", "Number_of_Firefighters", "Fireplace", "Year_Built") VALUES (NULL, NULL, NULL, NULL, 0.6, 17, 4, 'yes', 1960);
INSERT INTO public."FireClaim" ("PolicyNo", "ClaimNumber", "Premium", "InsuredLocation", "Loss_Ratio", "Nearest_Firestation_miles", "Number_of_Firefighters", "Fireplace", "Year_Built") VALUES (NULL, NULL, NULL, NULL, 0.8, 9, 4, 'yes', 1981);
INSERT INTO public."FireClaim" ("PolicyNo", "ClaimNumber", "Premium", "InsuredLocation", "Loss_Ratio", "Nearest_Firestation_miles", "Number_of_Firefighters", "Fireplace", "Year_Built") VALUES (NULL, NULL, NULL, NULL, 0.9, 16, 5, 'yes', 1965);
INSERT INTO public."FireClaim" ("PolicyNo", "ClaimNumber", "Premium", "InsuredLocation", "Loss_Ratio", "Nearest_Firestation_miles", "Number_of_Firefighters", "Fireplace", "Year_Built") VALUES (NULL, NULL, NULL, NULL, 0.8, 5, 5, 'yes', 1981);
INSERT INTO public."FireClaim" ("PolicyNo", "ClaimNumber", "Premium", "InsuredLocation", "Loss_Ratio", "Nearest_Firestation_miles", "Number_of_Firefighters", "Fireplace", "Year_Built") VALUES (NULL, NULL, NULL, NULL, 0.6, 11, 5, 'yes', 1977);
INSERT INTO public."FireClaim" ("PolicyNo", "ClaimNumber", "Premium", "InsuredLocation", "Loss_Ratio", "Nearest_Firestation_miles", "Number_of_Firefighters", "Fireplace", "Year_Built") VALUES (NULL, NULL, NULL, NULL, 0.8, 5, 4, 'yes', 1986);
INSERT INTO public."FireClaim" ("PolicyNo", "ClaimNumber", "Premium", "InsuredLocation", "Loss_Ratio", "Nearest_Firestation_miles", "Number_of_Firefighters", "Fireplace", "Year_Built") VALUES (NULL, NULL, NULL, NULL, 1, 8, 5, 'yes', 1969);
INSERT INTO public."FireClaim" ("PolicyNo", "ClaimNumber", "Premium", "InsuredLocation", "Loss_Ratio", "Nearest_Firestation_miles", "Number_of_Firefighters", "Fireplace", "Year_Built") VALUES (NULL, NULL, NULL, NULL, 0.7, 19, 5, 'yes', 1986);
INSERT INTO public."FireClaim" ("PolicyNo", "ClaimNumber", "Premium", "InsuredLocation", "Loss_Ratio", "Nearest_Firestation_miles", "Number_of_Firefighters", "Fireplace", "Year_Built") VALUES (NULL, NULL, NULL, NULL, 0.6, 13, 6, 'yes', 1984);
INSERT INTO public."FireClaim" ("PolicyNo", "ClaimNumber", "Premium", "InsuredLocation", "Loss_Ratio", "Nearest_Firestation_miles", "Number_of_Firefighters", "Fireplace", "Year_Built") VALUES (NULL, NULL, NULL, NULL, 0.6, 9, 5, 'yes', 1993);
INSERT INTO public."FireClaim" ("PolicyNo", "ClaimNumber", "Premium", "InsuredLocation", "Loss_Ratio", "Nearest_Firestation_miles", "Number_of_Firefighters", "Fireplace", "Year_Built") VALUES (NULL, NULL, NULL, NULL, 1.1, 16, 5, 'yes', 1966);
INSERT INTO public."FireClaim" ("PolicyNo", "ClaimNumber", "Premium", "InsuredLocation", "Loss_Ratio", "Nearest_Firestation_miles", "Number_of_Firefighters", "Fireplace", "Year_Built") VALUES (NULL, NULL, NULL, NULL, 1.1, 18, 5, 'yes', 1971);
INSERT INTO public."FireClaim" ("PolicyNo", "ClaimNumber", "Premium", "InsuredLocation", "Loss_Ratio", "Nearest_Firestation_miles", "Number_of_Firefighters", "Fireplace", "Year_Built") VALUES (NULL, NULL, NULL, NULL, 1.1, 17, 4, 'yes', 1992);
INSERT INTO public."FireClaim" ("PolicyNo", "ClaimNumber", "Premium", "InsuredLocation", "Loss_Ratio", "Nearest_Firestation_miles", "Number_of_Firefighters", "Fireplace", "Year_Built") VALUES (NULL, NULL, NULL, NULL, 1, 16, 6, 'yes', 1994);
INSERT INTO public."FireClaim" ("PolicyNo", "ClaimNumber", "Premium", "InsuredLocation", "Loss_Ratio", "Nearest_Firestation_miles", "Number_of_Firefighters", "Fireplace", "Year_Built") VALUES (NULL, NULL, NULL, NULL, 0.9, 8, 6, 'yes', 1986);
INSERT INTO public."FireClaim" ("PolicyNo", "ClaimNumber", "Premium", "InsuredLocation", "Loss_Ratio", "Nearest_Firestation_miles", "Number_of_Firefighters", "Fireplace", "Year_Built") VALUES (NULL, NULL, NULL, NULL, 1, 7, 5, 'yes', 1979);
INSERT INTO public."FireClaim" ("PolicyNo", "ClaimNumber", "Premium", "InsuredLocation", "Loss_Ratio", "Nearest_Firestation_miles", "Number_of_Firefighters", "Fireplace", "Year_Built") VALUES (NULL, NULL, NULL, NULL, 0.7, 11, 5, 'yes', 1968);
INSERT INTO public."FireClaim" ("PolicyNo", "ClaimNumber", "Premium", "InsuredLocation", "Loss_Ratio", "Nearest_Firestation_miles", "Number_of_Firefighters", "Fireplace", "Year_Built") VALUES (NULL, NULL, NULL, NULL, 0.8, 9, 6, 'yes', 1983);
INSERT INTO public."FireClaim" ("PolicyNo", "ClaimNumber", "Premium", "InsuredLocation", "Loss_Ratio", "Nearest_Firestation_miles", "Number_of_Firefighters", "Fireplace", "Year_Built") VALUES (NULL, NULL, NULL, NULL, 0.6, 19, 6, 'yes', 1987);
INSERT INTO public."FireClaim" ("PolicyNo", "ClaimNumber", "Premium", "InsuredLocation", "Loss_Ratio", "Nearest_Firestation_miles", "Number_of_Firefighters", "Fireplace", "Year_Built") VALUES (NULL, NULL, NULL, NULL, 0.8, 7, 5, 'yes', 1989);
INSERT INTO public."FireClaim" ("PolicyNo", "ClaimNumber", "Premium", "InsuredLocation", "Loss_Ratio", "Nearest_Firestation_miles", "Number_of_Firefighters", "Fireplace", "Year_Built") VALUES (NULL, NULL, NULL, NULL, 1, 13, 5, 'yes', 1972);
INSERT INTO public."FireClaim" ("PolicyNo", "ClaimNumber", "Premium", "InsuredLocation", "Loss_Ratio", "Nearest_Firestation_miles", "Number_of_Firefighters", "Fireplace", "Year_Built") VALUES (NULL, NULL, NULL, NULL, 0.8, 6, 4, 'yes', 1971);
INSERT INTO public."FireClaim" ("PolicyNo", "ClaimNumber", "Premium", "InsuredLocation", "Loss_Ratio", "Nearest_Firestation_miles", "Number_of_Firefighters", "Fireplace", "Year_Built") VALUES (NULL, NULL, NULL, NULL, 0.9, 13, 6, 'yes', 1994);
INSERT INTO public."FireClaim" ("PolicyNo", "ClaimNumber", "Premium", "InsuredLocation", "Loss_Ratio", "Nearest_Firestation_miles", "Number_of_Firefighters", "Fireplace", "Year_Built") VALUES (NULL, NULL, NULL, NULL, 0.8, 9, 6, 'yes', 1970);
INSERT INTO public."FireClaim" ("PolicyNo", "ClaimNumber", "Premium", "InsuredLocation", "Loss_Ratio", "Nearest_Firestation_miles", "Number_of_Firefighters", "Fireplace", "Year_Built") VALUES (NULL, NULL, NULL, NULL, 0.9, 11, 5, 'yes', 1969);
INSERT INTO public."FireClaim" ("PolicyNo", "ClaimNumber", "Premium", "InsuredLocation", "Loss_Ratio", "Nearest_Firestation_miles", "Number_of_Firefighters", "Fireplace", "Year_Built") VALUES (NULL, NULL, NULL, NULL, 0.9, 14, 4, 'yes', 1981);
INSERT INTO public."FireClaim" ("PolicyNo", "ClaimNumber", "Premium", "InsuredLocation", "Loss_Ratio", "Nearest_Firestation_miles", "Number_of_Firefighters", "Fireplace", "Year_Built") VALUES (NULL, NULL, NULL, NULL, 0.6, 6, 4, 'yes', 1994);
INSERT INTO public."FireClaim" ("PolicyNo", "ClaimNumber", "Premium", "InsuredLocation", "Loss_Ratio", "Nearest_Firestation_miles", "Number_of_Firefighters", "Fireplace", "Year_Built") VALUES (NULL, NULL, NULL, NULL, 1, 9, 4, 'yes', 1982);
INSERT INTO public."FireClaim" ("PolicyNo", "ClaimNumber", "Premium", "InsuredLocation", "Loss_Ratio", "Nearest_Firestation_miles", "Number_of_Firefighters", "Fireplace", "Year_Built") VALUES (NULL, NULL, NULL, NULL, 0.8, 10, 5, 'yes', 1975);
INSERT INTO public."FireClaim" ("PolicyNo", "ClaimNumber", "Premium", "InsuredLocation", "Loss_Ratio", "Nearest_Firestation_miles", "Number_of_Firefighters", "Fireplace", "Year_Built") VALUES (NULL, NULL, NULL, NULL, 0.8, 15, 4, 'yes', 1985);
INSERT INTO public."FireClaim" ("PolicyNo", "ClaimNumber", "Premium", "InsuredLocation", "Loss_Ratio", "Nearest_Firestation_miles", "Number_of_Firefighters", "Fireplace", "Year_Built") VALUES (NULL, NULL, NULL, NULL, 1.1, 9, 5, 'yes', 1986);
INSERT INTO public."FireClaim" ("PolicyNo", "ClaimNumber", "Premium", "InsuredLocation", "Loss_Ratio", "Nearest_Firestation_miles", "Number_of_Firefighters", "Fireplace", "Year_Built") VALUES (NULL, NULL, NULL, NULL, 0.7, 10, 5, 'yes', 1966);
INSERT INTO public."FireClaim" ("PolicyNo", "ClaimNumber", "Premium", "InsuredLocation", "Loss_Ratio", "Nearest_Firestation_miles", "Number_of_Firefighters", "Fireplace", "Year_Built") VALUES (NULL, NULL, NULL, NULL, 1, 5, 6, 'yes', 1974);
INSERT INTO public."FireClaim" ("PolicyNo", "ClaimNumber", "Premium", "InsuredLocation", "Loss_Ratio", "Nearest_Firestation_miles", "Number_of_Firefighters", "Fireplace", "Year_Built") VALUES (NULL, NULL, NULL, NULL, 1, 8, 5, 'yes', 1987);
INSERT INTO public."FireClaim" ("PolicyNo", "ClaimNumber", "Premium", "InsuredLocation", "Loss_Ratio", "Nearest_Firestation_miles", "Number_of_Firefighters", "Fireplace", "Year_Built") VALUES (NULL, NULL, NULL, NULL, 1.1, 17, 5, 'yes', 1964);
INSERT INTO public."FireClaim" ("PolicyNo", "ClaimNumber", "Premium", "InsuredLocation", "Loss_Ratio", "Nearest_Firestation_miles", "Number_of_Firefighters", "Fireplace", "Year_Built") VALUES (NULL, NULL, NULL, NULL, 1, 13, 5, 'yes', 1978);
INSERT INTO public."FireClaim" ("PolicyNo", "ClaimNumber", "Premium", "InsuredLocation", "Loss_Ratio", "Nearest_Firestation_miles", "Number_of_Firefighters", "Fireplace", "Year_Built") VALUES (NULL, NULL, NULL, NULL, 1, 12, 5, 'yes', 1988);
INSERT INTO public."FireClaim" ("PolicyNo", "ClaimNumber", "Premium", "InsuredLocation", "Loss_Ratio", "Nearest_Firestation_miles", "Number_of_Firefighters", "Fireplace", "Year_Built") VALUES (NULL, NULL, NULL, NULL, 1.1, 15, 6, 'yes', 1982);
INSERT INTO public."FireClaim" ("PolicyNo", "ClaimNumber", "Premium", "InsuredLocation", "Loss_Ratio", "Nearest_Firestation_miles", "Number_of_Firefighters", "Fireplace", "Year_Built") VALUES (NULL, NULL, NULL, NULL, 0.8, 17, 6, 'yes', 1965);
INSERT INTO public."FireClaim" ("PolicyNo", "ClaimNumber", "Premium", "InsuredLocation", "Loss_Ratio", "Nearest_Firestation_miles", "Number_of_Firefighters", "Fireplace", "Year_Built") VALUES (NULL, NULL, NULL, NULL, 0.9, 18, 6, 'yes', 1976);
INSERT INTO public."FireClaim" ("PolicyNo", "ClaimNumber", "Premium", "InsuredLocation", "Loss_Ratio", "Nearest_Firestation_miles", "Number_of_Firefighters", "Fireplace", "Year_Built") VALUES (NULL, NULL, NULL, NULL, 1.1, 6, 6, 'yes', 1983);
INSERT INTO public."FireClaim" ("PolicyNo", "ClaimNumber", "Premium", "InsuredLocation", "Loss_Ratio", "Nearest_Firestation_miles", "Number_of_Firefighters", "Fireplace", "Year_Built") VALUES (NULL, NULL, NULL, NULL, 0.8, 12, 5, 'yes', 1992);
INSERT INTO public."FireClaim" ("PolicyNo", "ClaimNumber", "Premium", "InsuredLocation", "Loss_Ratio", "Nearest_Firestation_miles", "Number_of_Firefighters", "Fireplace", "Year_Built") VALUES (NULL, NULL, NULL, NULL, 0.7, 18, 5, 'yes', 1968);
INSERT INTO public."FireClaim" ("PolicyNo", "ClaimNumber", "Premium", "InsuredLocation", "Loss_Ratio", "Nearest_Firestation_miles", "Number_of_Firefighters", "Fireplace", "Year_Built") VALUES (NULL, NULL, NULL, NULL, 0.8, 7, 6, 'yes', 1983);
INSERT INTO public."FireClaim" ("PolicyNo", "ClaimNumber", "Premium", "InsuredLocation", "Loss_Ratio", "Nearest_Firestation_miles", "Number_of_Firefighters", "Fireplace", "Year_Built") VALUES (NULL, NULL, NULL, NULL, 0.7, 7, 4, 'yes', 1975);
INSERT INTO public."FireClaim" ("PolicyNo", "ClaimNumber", "Premium", "InsuredLocation", "Loss_Ratio", "Nearest_Firestation_miles", "Number_of_Firefighters", "Fireplace", "Year_Built") VALUES (NULL, NULL, NULL, NULL, 0.8, 13, 4, 'yes', 1985);
INSERT INTO public."FireClaim" ("PolicyNo", "ClaimNumber", "Premium", "InsuredLocation", "Loss_Ratio", "Nearest_Firestation_miles", "Number_of_Firefighters", "Fireplace", "Year_Built") VALUES (NULL, NULL, NULL, NULL, 0.9, 8, 6, 'yes', 1994);
INSERT INTO public."FireClaim" ("PolicyNo", "ClaimNumber", "Premium", "InsuredLocation", "Loss_Ratio", "Nearest_Firestation_miles", "Number_of_Firefighters", "Fireplace", "Year_Built") VALUES (NULL, NULL, NULL, NULL, 0.7, 5, 6, 'yes', 1986);
INSERT INTO public."FireClaim" ("PolicyNo", "ClaimNumber", "Premium", "InsuredLocation", "Loss_Ratio", "Nearest_Firestation_miles", "Number_of_Firefighters", "Fireplace", "Year_Built") VALUES (NULL, NULL, NULL, NULL, 0.8, 11, 6, 'yes', 1965);
INSERT INTO public."FireClaim" ("PolicyNo", "ClaimNumber", "Premium", "InsuredLocation", "Loss_Ratio", "Nearest_Firestation_miles", "Number_of_Firefighters", "Fireplace", "Year_Built") VALUES (NULL, NULL, NULL, NULL, 1, 20, 5, 'yes', 1992);
INSERT INTO public."FireClaim" ("PolicyNo", "ClaimNumber", "Premium", "InsuredLocation", "Loss_Ratio", "Nearest_Firestation_miles", "Number_of_Firefighters", "Fireplace", "Year_Built") VALUES (NULL, NULL, NULL, NULL, 1, 13, 5, 'yes', 1993);
INSERT INTO public."FireClaim" ("PolicyNo", "ClaimNumber", "Premium", "InsuredLocation", "Loss_Ratio", "Nearest_Firestation_miles", "Number_of_Firefighters", "Fireplace", "Year_Built") VALUES (NULL, NULL, NULL, NULL, 0.8, 19, 6, 'yes', 1962);
INSERT INTO public."FireClaim" ("PolicyNo", "ClaimNumber", "Premium", "InsuredLocation", "Loss_Ratio", "Nearest_Firestation_miles", "Number_of_Firefighters", "Fireplace", "Year_Built") VALUES (NULL, NULL, NULL, NULL, 1.1, 10, 4, 'yes', 1987);
INSERT INTO public."FireClaim" ("PolicyNo", "ClaimNumber", "Premium", "InsuredLocation", "Loss_Ratio", "Nearest_Firestation_miles", "Number_of_Firefighters", "Fireplace", "Year_Built") VALUES (NULL, NULL, NULL, NULL, 0.7, 18, 4, 'yes', 1983);
INSERT INTO public."FireClaim" ("PolicyNo", "ClaimNumber", "Premium", "InsuredLocation", "Loss_Ratio", "Nearest_Firestation_miles", "Number_of_Firefighters", "Fireplace", "Year_Built") VALUES (NULL, NULL, NULL, NULL, 1, 6, 6, 'yes', 1984);
INSERT INTO public."FireClaim" ("PolicyNo", "ClaimNumber", "Premium", "InsuredLocation", "Loss_Ratio", "Nearest_Firestation_miles", "Number_of_Firefighters", "Fireplace", "Year_Built") VALUES (NULL, NULL, NULL, NULL, 0.9, 19, 4, 'yes', 1962);
INSERT INTO public."FireClaim" ("PolicyNo", "ClaimNumber", "Premium", "InsuredLocation", "Loss_Ratio", "Nearest_Firestation_miles", "Number_of_Firefighters", "Fireplace", "Year_Built") VALUES (NULL, NULL, NULL, NULL, 1.1, 7, 4, 'yes', 1985);
INSERT INTO public."FireClaim" ("PolicyNo", "ClaimNumber", "Premium", "InsuredLocation", "Loss_Ratio", "Nearest_Firestation_miles", "Number_of_Firefighters", "Fireplace", "Year_Built") VALUES (NULL, NULL, NULL, NULL, 1.1, 13, 5, 'yes', 1980);
INSERT INTO public."FireClaim" ("PolicyNo", "ClaimNumber", "Premium", "InsuredLocation", "Loss_Ratio", "Nearest_Firestation_miles", "Number_of_Firefighters", "Fireplace", "Year_Built") VALUES (NULL, NULL, NULL, NULL, 0.1, 1, 7, 'yes', 2020);
INSERT INTO public."FireClaim" ("PolicyNo", "ClaimNumber", "Premium", "InsuredLocation", "Loss_Ratio", "Nearest_Firestation_miles", "Number_of_Firefighters", "Fireplace", "Year_Built") VALUES (NULL, NULL, NULL, NULL, 0.1, 2, 10, 'yes', 1972);
INSERT INTO public."FireClaim" ("PolicyNo", "ClaimNumber", "Premium", "InsuredLocation", "Loss_Ratio", "Nearest_Firestation_miles", "Number_of_Firefighters", "Fireplace", "Year_Built") VALUES (NULL, NULL, NULL, NULL, 0.1, 3, 8, 'yes', 2019);
INSERT INTO public."FireClaim" ("PolicyNo", "ClaimNumber", "Premium", "InsuredLocation", "Loss_Ratio", "Nearest_Firestation_miles", "Number_of_Firefighters", "Fireplace", "Year_Built") VALUES (NULL, NULL, NULL, NULL, 0.4, 1, 9, 'yes', 1962);
INSERT INTO public."FireClaim" ("PolicyNo", "ClaimNumber", "Premium", "InsuredLocation", "Loss_Ratio", "Nearest_Firestation_miles", "Number_of_Firefighters", "Fireplace", "Year_Built") VALUES (NULL, NULL, NULL, NULL, 0.2, 2, 9, 'yes', 2004);
INSERT INTO public."FireClaim" ("PolicyNo", "ClaimNumber", "Premium", "InsuredLocation", "Loss_Ratio", "Nearest_Firestation_miles", "Number_of_Firefighters", "Fireplace", "Year_Built") VALUES (NULL, NULL, NULL, NULL, 0.4, 3, 7, 'yes', 1966);
INSERT INTO public."FireClaim" ("PolicyNo", "ClaimNumber", "Premium", "InsuredLocation", "Loss_Ratio", "Nearest_Firestation_miles", "Number_of_Firefighters", "Fireplace", "Year_Built") VALUES (NULL, NULL, NULL, NULL, 0.3, 2, 7, 'yes', 2011);
INSERT INTO public."FireClaim" ("PolicyNo", "ClaimNumber", "Premium", "InsuredLocation", "Loss_Ratio", "Nearest_Firestation_miles", "Number_of_Firefighters", "Fireplace", "Year_Built") VALUES (NULL, NULL, NULL, NULL, 0.3, 2, 9, 'yes', 1981);
INSERT INTO public."FireClaim" ("PolicyNo", "ClaimNumber", "Premium", "InsuredLocation", "Loss_Ratio", "Nearest_Firestation_miles", "Number_of_Firefighters", "Fireplace", "Year_Built") VALUES (NULL, NULL, NULL, NULL, 0.1, 3, 8, 'yes', 2011);
INSERT INTO public."FireClaim" ("PolicyNo", "ClaimNumber", "Premium", "InsuredLocation", "Loss_Ratio", "Nearest_Firestation_miles", "Number_of_Firefighters", "Fireplace", "Year_Built") VALUES (NULL, NULL, NULL, NULL, 0.2, 3, 10, 'yes', 1984);
INSERT INTO public."FireClaim" ("PolicyNo", "ClaimNumber", "Premium", "InsuredLocation", "Loss_Ratio", "Nearest_Firestation_miles", "Number_of_Firefighters", "Fireplace", "Year_Built") VALUES (NULL, NULL, NULL, NULL, 0.4, 1, 7, 'yes', 2005);
INSERT INTO public."FireClaim" ("PolicyNo", "ClaimNumber", "Premium", "InsuredLocation", "Loss_Ratio", "Nearest_Firestation_miles", "Number_of_Firefighters", "Fireplace", "Year_Built") VALUES (NULL, NULL, NULL, NULL, 0.4, 4, 9, 'yes', 1984);
INSERT INTO public."FireClaim" ("PolicyNo", "ClaimNumber", "Premium", "InsuredLocation", "Loss_Ratio", "Nearest_Firestation_miles", "Number_of_Firefighters", "Fireplace", "Year_Built") VALUES (NULL, NULL, NULL, NULL, 0.1, 2, 8, 'yes', 2014);
INSERT INTO public."FireClaim" ("PolicyNo", "ClaimNumber", "Premium", "InsuredLocation", "Loss_Ratio", "Nearest_Firestation_miles", "Number_of_Firefighters", "Fireplace", "Year_Built") VALUES (NULL, NULL, NULL, NULL, 0.2, 4, 8, 'yes', 1981);
INSERT INTO public."FireClaim" ("PolicyNo", "ClaimNumber", "Premium", "InsuredLocation", "Loss_Ratio", "Nearest_Firestation_miles", "Number_of_Firefighters", "Fireplace", "Year_Built") VALUES (NULL, NULL, NULL, NULL, 0.5, 1, 10, 'yes', 2005);
INSERT INTO public."FireClaim" ("PolicyNo", "ClaimNumber", "Premium", "InsuredLocation", "Loss_Ratio", "Nearest_Firestation_miles", "Number_of_Firefighters", "Fireplace", "Year_Built") VALUES (NULL, NULL, NULL, NULL, 0.3, 2, 7, 'yes', 1977);
INSERT INTO public."FireClaim" ("PolicyNo", "ClaimNumber", "Premium", "InsuredLocation", "Loss_Ratio", "Nearest_Firestation_miles", "Number_of_Firefighters", "Fireplace", "Year_Built") VALUES (NULL, NULL, NULL, NULL, 0.3, 2, 8, 'yes', 2013);
INSERT INTO public."FireClaim" ("PolicyNo", "ClaimNumber", "Premium", "InsuredLocation", "Loss_Ratio", "Nearest_Firestation_miles", "Number_of_Firefighters", "Fireplace", "Year_Built") VALUES (NULL, NULL, NULL, NULL, 0.3, 2, 9, 'yes', 1982);
INSERT INTO public."FireClaim" ("PolicyNo", "ClaimNumber", "Premium", "InsuredLocation", "Loss_Ratio", "Nearest_Firestation_miles", "Number_of_Firefighters", "Fireplace", "Year_Built") VALUES (NULL, NULL, NULL, NULL, 0.3, 3, 8, 'yes', 2005);
INSERT INTO public."FireClaim" ("PolicyNo", "ClaimNumber", "Premium", "InsuredLocation", "Loss_Ratio", "Nearest_Firestation_miles", "Number_of_Firefighters", "Fireplace", "Year_Built") VALUES (NULL, NULL, NULL, NULL, 0.4, 2, 10, 'yes', 1964);
INSERT INTO public."FireClaim" ("PolicyNo", "ClaimNumber", "Premium", "InsuredLocation", "Loss_Ratio", "Nearest_Firestation_miles", "Number_of_Firefighters", "Fireplace", "Year_Built") VALUES (NULL, NULL, NULL, NULL, 0.2, 4, 8, 'yes', 2006);
INSERT INTO public."FireClaim" ("PolicyNo", "ClaimNumber", "Premium", "InsuredLocation", "Loss_Ratio", "Nearest_Firestation_miles", "Number_of_Firefighters", "Fireplace", "Year_Built") VALUES (NULL, NULL, NULL, NULL, 0.2, 1, 8, 'yes', 1978);
INSERT INTO public."FireClaim" ("PolicyNo", "ClaimNumber", "Premium", "InsuredLocation", "Loss_Ratio", "Nearest_Firestation_miles", "Number_of_Firefighters", "Fireplace", "Year_Built") VALUES (NULL, NULL, NULL, NULL, 0.4, 1, 10, 'yes', 2003);
INSERT INTO public."FireClaim" ("PolicyNo", "ClaimNumber", "Premium", "InsuredLocation", "Loss_Ratio", "Nearest_Firestation_miles", "Number_of_Firefighters", "Fireplace", "Year_Built") VALUES (NULL, NULL, NULL, NULL, 0.3, 2, 9, 'yes', 1971);
INSERT INTO public."FireClaim" ("PolicyNo", "ClaimNumber", "Premium", "InsuredLocation", "Loss_Ratio", "Nearest_Firestation_miles", "Number_of_Firefighters", "Fireplace", "Year_Built") VALUES (NULL, NULL, NULL, NULL, 0.4, 2, 8, 'yes', 2009);
INSERT INTO public."FireClaim" ("PolicyNo", "ClaimNumber", "Premium", "InsuredLocation", "Loss_Ratio", "Nearest_Firestation_miles", "Number_of_Firefighters", "Fireplace", "Year_Built") VALUES (NULL, NULL, NULL, NULL, 0.1, 4, 10, 'yes', 1962);
INSERT INTO public."FireClaim" ("PolicyNo", "ClaimNumber", "Premium", "InsuredLocation", "Loss_Ratio", "Nearest_Firestation_miles", "Number_of_Firefighters", "Fireplace", "Year_Built") VALUES (NULL, NULL, NULL, NULL, 0.1, 1, 10, 'yes', 1996);
INSERT INTO public."FireClaim" ("PolicyNo", "ClaimNumber", "Premium", "InsuredLocation", "Loss_Ratio", "Nearest_Firestation_miles", "Number_of_Firefighters", "Fireplace", "Year_Built") VALUES (NULL, NULL, NULL, NULL, 0.2, 4, 10, 'yes', 1963);
INSERT INTO public."FireClaim" ("PolicyNo", "ClaimNumber", "Premium", "InsuredLocation", "Loss_Ratio", "Nearest_Firestation_miles", "Number_of_Firefighters", "Fireplace", "Year_Built") VALUES (NULL, NULL, NULL, NULL, 0.2, 3, 8, 'yes', 2016);
INSERT INTO public."FireClaim" ("PolicyNo", "ClaimNumber", "Premium", "InsuredLocation", "Loss_Ratio", "Nearest_Firestation_miles", "Number_of_Firefighters", "Fireplace", "Year_Built") VALUES (NULL, NULL, NULL, NULL, 0.3, 1, 8, 'yes', 1984);
INSERT INTO public."FireClaim" ("PolicyNo", "ClaimNumber", "Premium", "InsuredLocation", "Loss_Ratio", "Nearest_Firestation_miles", "Number_of_Firefighters", "Fireplace", "Year_Built") VALUES (NULL, NULL, NULL, NULL, 0.2, 3, 10, 'yes', 2006);
INSERT INTO public."FireClaim" ("PolicyNo", "ClaimNumber", "Premium", "InsuredLocation", "Loss_Ratio", "Nearest_Firestation_miles", "Number_of_Firefighters", "Fireplace", "Year_Built") VALUES (NULL, NULL, NULL, NULL, 0.1, 3, 7, 'yes', 1988);
INSERT INTO public."FireClaim" ("PolicyNo", "ClaimNumber", "Premium", "InsuredLocation", "Loss_Ratio", "Nearest_Firestation_miles", "Number_of_Firefighters", "Fireplace", "Year_Built") VALUES (NULL, NULL, NULL, NULL, 0.4, 1, 8, 'yes', 2013);
INSERT INTO public."FireClaim" ("PolicyNo", "ClaimNumber", "Premium", "InsuredLocation", "Loss_Ratio", "Nearest_Firestation_miles", "Number_of_Firefighters", "Fireplace", "Year_Built") VALUES (NULL, NULL, NULL, NULL, 0.1, 1, 8, 'yes', 1964);
INSERT INTO public."FireClaim" ("PolicyNo", "ClaimNumber", "Premium", "InsuredLocation", "Loss_Ratio", "Nearest_Firestation_miles", "Number_of_Firefighters", "Fireplace", "Year_Built") VALUES (NULL, NULL, NULL, NULL, 0.5, 4, 7, 'yes', 2003);
INSERT INTO public."FireClaim" ("PolicyNo", "ClaimNumber", "Premium", "InsuredLocation", "Loss_Ratio", "Nearest_Firestation_miles", "Number_of_Firefighters", "Fireplace", "Year_Built") VALUES (NULL, NULL, NULL, NULL, 0.4, 4, 9, 'yes', 1968);
INSERT INTO public."FireClaim" ("PolicyNo", "ClaimNumber", "Premium", "InsuredLocation", "Loss_Ratio", "Nearest_Firestation_miles", "Number_of_Firefighters", "Fireplace", "Year_Built") VALUES (NULL, NULL, NULL, NULL, 0.1, 2, 10, 'yes', 2000);
INSERT INTO public."FireClaim" ("PolicyNo", "ClaimNumber", "Premium", "InsuredLocation", "Loss_Ratio", "Nearest_Firestation_miles", "Number_of_Firefighters", "Fireplace", "Year_Built") VALUES (NULL, NULL, NULL, NULL, 0.2, 3, 7, 'yes', 1985);
INSERT INTO public."FireClaim" ("PolicyNo", "ClaimNumber", "Premium", "InsuredLocation", "Loss_Ratio", "Nearest_Firestation_miles", "Number_of_Firefighters", "Fireplace", "Year_Built") VALUES (NULL, NULL, NULL, NULL, 0.5, 3, 7, 'yes', 1997);
INSERT INTO public."FireClaim" ("PolicyNo", "ClaimNumber", "Premium", "InsuredLocation", "Loss_Ratio", "Nearest_Firestation_miles", "Number_of_Firefighters", "Fireplace", "Year_Built") VALUES (NULL, NULL, NULL, NULL, 0.3, 1, 7, 'yes', 1991);
INSERT INTO public."FireClaim" ("PolicyNo", "ClaimNumber", "Premium", "InsuredLocation", "Loss_Ratio", "Nearest_Firestation_miles", "Number_of_Firefighters", "Fireplace", "Year_Built") VALUES (NULL, NULL, NULL, NULL, 0.3, 1, 8, 'yes', 2019);
INSERT INTO public."FireClaim" ("PolicyNo", "ClaimNumber", "Premium", "InsuredLocation", "Loss_Ratio", "Nearest_Firestation_miles", "Number_of_Firefighters", "Fireplace", "Year_Built") VALUES (NULL, NULL, NULL, NULL, 0.2, 3, 7, 'yes', 1982);
INSERT INTO public."FireClaim" ("PolicyNo", "ClaimNumber", "Premium", "InsuredLocation", "Loss_Ratio", "Nearest_Firestation_miles", "Number_of_Firefighters", "Fireplace", "Year_Built") VALUES (NULL, NULL, NULL, NULL, 0.4, 1, 7, 'yes', 2015);
INSERT INTO public."FireClaim" ("PolicyNo", "ClaimNumber", "Premium", "InsuredLocation", "Loss_Ratio", "Nearest_Firestation_miles", "Number_of_Firefighters", "Fireplace", "Year_Built") VALUES (NULL, NULL, NULL, NULL, 0.4, 1, 8, 'yes', 1973);
INSERT INTO public."FireClaim" ("PolicyNo", "ClaimNumber", "Premium", "InsuredLocation", "Loss_Ratio", "Nearest_Firestation_miles", "Number_of_Firefighters", "Fireplace", "Year_Built") VALUES (NULL, NULL, NULL, NULL, 0.5, 3, 10, 'yes', 2000);
INSERT INTO public."FireClaim" ("PolicyNo", "ClaimNumber", "Premium", "InsuredLocation", "Loss_Ratio", "Nearest_Firestation_miles", "Number_of_Firefighters", "Fireplace", "Year_Built") VALUES (NULL, NULL, NULL, NULL, 0.3, 2, 9, 'yes', 1983);
INSERT INTO public."FireClaim" ("PolicyNo", "ClaimNumber", "Premium", "InsuredLocation", "Loss_Ratio", "Nearest_Firestation_miles", "Number_of_Firefighters", "Fireplace", "Year_Built") VALUES (NULL, NULL, NULL, NULL, 0.1, 4, 7, 'yes', 2012);
INSERT INTO public."FireClaim" ("PolicyNo", "ClaimNumber", "Premium", "InsuredLocation", "Loss_Ratio", "Nearest_Firestation_miles", "Number_of_Firefighters", "Fireplace", "Year_Built") VALUES (NULL, NULL, NULL, NULL, 0.5, 4, 8, 'yes', 1966);
INSERT INTO public."FireClaim" ("PolicyNo", "ClaimNumber", "Premium", "InsuredLocation", "Loss_Ratio", "Nearest_Firestation_miles", "Number_of_Firefighters", "Fireplace", "Year_Built") VALUES (NULL, NULL, NULL, NULL, 0.4, 1, 8, 'yes', 2005);
INSERT INTO public."FireClaim" ("PolicyNo", "ClaimNumber", "Premium", "InsuredLocation", "Loss_Ratio", "Nearest_Firestation_miles", "Number_of_Firefighters", "Fireplace", "Year_Built") VALUES (NULL, NULL, NULL, NULL, 0.4, 1, 10, 'yes', 1980);
INSERT INTO public."FireClaim" ("PolicyNo", "ClaimNumber", "Premium", "InsuredLocation", "Loss_Ratio", "Nearest_Firestation_miles", "Number_of_Firefighters", "Fireplace", "Year_Built") VALUES (NULL, NULL, NULL, NULL, 0.2, 3, 8, 'yes', 2012);
INSERT INTO public."FireClaim" ("PolicyNo", "ClaimNumber", "Premium", "InsuredLocation", "Loss_Ratio", "Nearest_Firestation_miles", "Number_of_Firefighters", "Fireplace", "Year_Built") VALUES (NULL, NULL, NULL, NULL, 0.1, 4, 8, 'yes', 1992);
INSERT INTO public."FireClaim" ("PolicyNo", "ClaimNumber", "Premium", "InsuredLocation", "Loss_Ratio", "Nearest_Firestation_miles", "Number_of_Firefighters", "Fireplace", "Year_Built") VALUES (NULL, NULL, NULL, NULL, 0.3, 2, 10, 'yes', 2012);
INSERT INTO public."FireClaim" ("PolicyNo", "ClaimNumber", "Premium", "InsuredLocation", "Loss_Ratio", "Nearest_Firestation_miles", "Number_of_Firefighters", "Fireplace", "Year_Built") VALUES (NULL, NULL, NULL, NULL, 0.5, 3, 8, 'yes', 1983);
INSERT INTO public."FireClaim" ("PolicyNo", "ClaimNumber", "Premium", "InsuredLocation", "Loss_Ratio", "Nearest_Firestation_miles", "Number_of_Firefighters", "Fireplace", "Year_Built") VALUES (NULL, NULL, NULL, NULL, 0.4, 3, 8, 'yes', 2000);
INSERT INTO public."FireClaim" ("PolicyNo", "ClaimNumber", "Premium", "InsuredLocation", "Loss_Ratio", "Nearest_Firestation_miles", "Number_of_Firefighters", "Fireplace", "Year_Built") VALUES (NULL, NULL, NULL, NULL, 0.2, 2, 10, 'yes', 1966);
INSERT INTO public."FireClaim" ("PolicyNo", "ClaimNumber", "Premium", "InsuredLocation", "Loss_Ratio", "Nearest_Firestation_miles", "Number_of_Firefighters", "Fireplace", "Year_Built") VALUES (NULL, NULL, NULL, NULL, 0.3, 4, 9, 'yes', 1997);
INSERT INTO public."FireClaim" ("PolicyNo", "ClaimNumber", "Premium", "InsuredLocation", "Loss_Ratio", "Nearest_Firestation_miles", "Number_of_Firefighters", "Fireplace", "Year_Built") VALUES (NULL, NULL, NULL, NULL, 0.4, 1, 8, 'yes', 1964);
INSERT INTO public."FireClaim" ("PolicyNo", "ClaimNumber", "Premium", "InsuredLocation", "Loss_Ratio", "Nearest_Firestation_miles", "Number_of_Firefighters", "Fireplace", "Year_Built") VALUES (NULL, NULL, NULL, NULL, 0.4, 3, 7, 'yes', 2015);
INSERT INTO public."FireClaim" ("PolicyNo", "ClaimNumber", "Premium", "InsuredLocation", "Loss_Ratio", "Nearest_Firestation_miles", "Number_of_Firefighters", "Fireplace", "Year_Built") VALUES (NULL, NULL, NULL, NULL, 0.1, 4, 8, 'yes', 1977);
INSERT INTO public."FireClaim" ("PolicyNo", "ClaimNumber", "Premium", "InsuredLocation", "Loss_Ratio", "Nearest_Firestation_miles", "Number_of_Firefighters", "Fireplace", "Year_Built") VALUES (NULL, NULL, NULL, NULL, 0.4, 1, 10, 'yes', 1999);
INSERT INTO public."FireClaim" ("PolicyNo", "ClaimNumber", "Premium", "InsuredLocation", "Loss_Ratio", "Nearest_Firestation_miles", "Number_of_Firefighters", "Fireplace", "Year_Built") VALUES (NULL, NULL, NULL, NULL, 0.3, 1, 9, 'yes', 1994);
INSERT INTO public."FireClaim" ("PolicyNo", "ClaimNumber", "Premium", "InsuredLocation", "Loss_Ratio", "Nearest_Firestation_miles", "Number_of_Firefighters", "Fireplace", "Year_Built") VALUES (NULL, NULL, NULL, NULL, 0.4, 3, 10, 'yes', 1998);
INSERT INTO public."FireClaim" ("PolicyNo", "ClaimNumber", "Premium", "InsuredLocation", "Loss_Ratio", "Nearest_Firestation_miles", "Number_of_Firefighters", "Fireplace", "Year_Built") VALUES (NULL, NULL, NULL, NULL, 0.3, 3, 10, 'yes', 1978);
INSERT INTO public."FireClaim" ("PolicyNo", "ClaimNumber", "Premium", "InsuredLocation", "Loss_Ratio", "Nearest_Firestation_miles", "Number_of_Firefighters", "Fireplace", "Year_Built") VALUES (NULL, NULL, NULL, NULL, 0.3, 1, 8, 'yes', 2016);
INSERT INTO public."FireClaim" ("PolicyNo", "ClaimNumber", "Premium", "InsuredLocation", "Loss_Ratio", "Nearest_Firestation_miles", "Number_of_Firefighters", "Fireplace", "Year_Built") VALUES (NULL, NULL, NULL, NULL, 0.1, 1, 9, 'yes', 1961);
INSERT INTO public."FireClaim" ("PolicyNo", "ClaimNumber", "Premium", "InsuredLocation", "Loss_Ratio", "Nearest_Firestation_miles", "Number_of_Firefighters", "Fireplace", "Year_Built") VALUES (NULL, NULL, NULL, NULL, 0.2, 4, 8, 'yes', 2004);
INSERT INTO public."FireClaim" ("PolicyNo", "ClaimNumber", "Premium", "InsuredLocation", "Loss_Ratio", "Nearest_Firestation_miles", "Number_of_Firefighters", "Fireplace", "Year_Built") VALUES (NULL, NULL, NULL, NULL, 0.1, 4, 7, 'yes', 1982);
INSERT INTO public."FireClaim" ("PolicyNo", "ClaimNumber", "Premium", "InsuredLocation", "Loss_Ratio", "Nearest_Firestation_miles", "Number_of_Firefighters", "Fireplace", "Year_Built") VALUES (NULL, NULL, NULL, NULL, 0.1, 4, 10, 'yes', 2003);
INSERT INTO public."FireClaim" ("PolicyNo", "ClaimNumber", "Premium", "InsuredLocation", "Loss_Ratio", "Nearest_Firestation_miles", "Number_of_Firefighters", "Fireplace", "Year_Built") VALUES (NULL, NULL, NULL, NULL, 0.1, 2, 7, 'yes', 1983);
INSERT INTO public."FireClaim" ("PolicyNo", "ClaimNumber", "Premium", "InsuredLocation", "Loss_Ratio", "Nearest_Firestation_miles", "Number_of_Firefighters", "Fireplace", "Year_Built") VALUES (NULL, NULL, NULL, NULL, 0.1, 1, 8, 'yes', 2009);
INSERT INTO public."FireClaim" ("PolicyNo", "ClaimNumber", "Premium", "InsuredLocation", "Loss_Ratio", "Nearest_Firestation_miles", "Number_of_Firefighters", "Fireplace", "Year_Built") VALUES (NULL, NULL, NULL, NULL, 0.3, 4, 9, 'yes', 1984);
INSERT INTO public."FireClaim" ("PolicyNo", "ClaimNumber", "Premium", "InsuredLocation", "Loss_Ratio", "Nearest_Firestation_miles", "Number_of_Firefighters", "Fireplace", "Year_Built") VALUES (NULL, NULL, NULL, NULL, 0.4, 1, 10, 'yes', 1997);
INSERT INTO public."FireClaim" ("PolicyNo", "ClaimNumber", "Premium", "InsuredLocation", "Loss_Ratio", "Nearest_Firestation_miles", "Number_of_Firefighters", "Fireplace", "Year_Built") VALUES (NULL, NULL, NULL, NULL, 0.3, 2, 7, 'yes', 1982);
INSERT INTO public."FireClaim" ("PolicyNo", "ClaimNumber", "Premium", "InsuredLocation", "Loss_Ratio", "Nearest_Firestation_miles", "Number_of_Firefighters", "Fireplace", "Year_Built") VALUES (NULL, NULL, NULL, NULL, 0.1, 2, 10, 'yes', 2000);
INSERT INTO public."FireClaim" ("PolicyNo", "ClaimNumber", "Premium", "InsuredLocation", "Loss_Ratio", "Nearest_Firestation_miles", "Number_of_Firefighters", "Fireplace", "Year_Built") VALUES (NULL, NULL, NULL, NULL, 0.3, 3, 10, 'yes', 1976);
INSERT INTO public."FireClaim" ("PolicyNo", "ClaimNumber", "Premium", "InsuredLocation", "Loss_Ratio", "Nearest_Firestation_miles", "Number_of_Firefighters", "Fireplace", "Year_Built") VALUES (NULL, NULL, NULL, NULL, 0.5, 3, 7, 'yes', 2003);
INSERT INTO public."FireClaim" ("PolicyNo", "ClaimNumber", "Premium", "InsuredLocation", "Loss_Ratio", "Nearest_Firestation_miles", "Number_of_Firefighters", "Fireplace", "Year_Built") VALUES (NULL, NULL, NULL, NULL, 0.4, 4, 8, 'yes', 1994);
INSERT INTO public."FireClaim" ("PolicyNo", "ClaimNumber", "Premium", "InsuredLocation", "Loss_Ratio", "Nearest_Firestation_miles", "Number_of_Firefighters", "Fireplace", "Year_Built") VALUES (NULL, NULL, NULL, NULL, 0.2, 3, 7, 'yes', 1996);
INSERT INTO public."FireClaim" ("PolicyNo", "ClaimNumber", "Premium", "InsuredLocation", "Loss_Ratio", "Nearest_Firestation_miles", "Number_of_Firefighters", "Fireplace", "Year_Built") VALUES (NULL, NULL, NULL, NULL, 0.2, 3, 7, 'yes', 1960);
INSERT INTO public."FireClaim" ("PolicyNo", "ClaimNumber", "Premium", "InsuredLocation", "Loss_Ratio", "Nearest_Firestation_miles", "Number_of_Firefighters", "Fireplace", "Year_Built") VALUES (NULL, NULL, NULL, NULL, 0.3, 4, 8, 'yes', 2002);
INSERT INTO public."FireClaim" ("PolicyNo", "ClaimNumber", "Premium", "InsuredLocation", "Loss_Ratio", "Nearest_Firestation_miles", "Number_of_Firefighters", "Fireplace", "Year_Built") VALUES (NULL, NULL, NULL, NULL, 0.2, 3, 8, 'yes', 1981);
INSERT INTO public."FireClaim" ("PolicyNo", "ClaimNumber", "Premium", "InsuredLocation", "Loss_Ratio", "Nearest_Firestation_miles", "Number_of_Firefighters", "Fireplace", "Year_Built") VALUES (NULL, NULL, NULL, NULL, 0.1, 3, 7, 'yes', 2013);
INSERT INTO public."FireClaim" ("PolicyNo", "ClaimNumber", "Premium", "InsuredLocation", "Loss_Ratio", "Nearest_Firestation_miles", "Number_of_Firefighters", "Fireplace", "Year_Built") VALUES (NULL, NULL, NULL, NULL, 0.5, 2, 9, 'yes', 1965);
INSERT INTO public."FireClaim" ("PolicyNo", "ClaimNumber", "Premium", "InsuredLocation", "Loss_Ratio", "Nearest_Firestation_miles", "Number_of_Firefighters", "Fireplace", "Year_Built") VALUES (NULL, NULL, NULL, NULL, 0.2, 2, 7, 'yes', 1999);
INSERT INTO public."FireClaim" ("PolicyNo", "ClaimNumber", "Premium", "InsuredLocation", "Loss_Ratio", "Nearest_Firestation_miles", "Number_of_Firefighters", "Fireplace", "Year_Built") VALUES (NULL, NULL, NULL, NULL, 0.2, 3, 10, 'yes', 1961);
INSERT INTO public."FireClaim" ("PolicyNo", "ClaimNumber", "Premium", "InsuredLocation", "Loss_Ratio", "Nearest_Firestation_miles", "Number_of_Firefighters", "Fireplace", "Year_Built") VALUES (NULL, NULL, NULL, NULL, 0.4, 3, 9, 'yes', 2013);
INSERT INTO public."FireClaim" ("PolicyNo", "ClaimNumber", "Premium", "InsuredLocation", "Loss_Ratio", "Nearest_Firestation_miles", "Number_of_Firefighters", "Fireplace", "Year_Built") VALUES (NULL, NULL, NULL, NULL, 0.4, 4, 10, 'yes', 1972);
INSERT INTO public."FireClaim" ("PolicyNo", "ClaimNumber", "Premium", "InsuredLocation", "Loss_Ratio", "Nearest_Firestation_miles", "Number_of_Firefighters", "Fireplace", "Year_Built") VALUES (NULL, NULL, NULL, NULL, 0.3, 3, 9, 'yes', 2016);
INSERT INTO public."FireClaim" ("PolicyNo", "ClaimNumber", "Premium", "InsuredLocation", "Loss_Ratio", "Nearest_Firestation_miles", "Number_of_Firefighters", "Fireplace", "Year_Built") VALUES (NULL, NULL, NULL, NULL, 0.4, 4, 7, 'yes', 1961);
INSERT INTO public."FireClaim" ("PolicyNo", "ClaimNumber", "Premium", "InsuredLocation", "Loss_Ratio", "Nearest_Firestation_miles", "Number_of_Firefighters", "Fireplace", "Year_Built") VALUES (NULL, NULL, NULL, NULL, 0.4, 1, 8, 'yes', 1996);
INSERT INTO public."FireClaim" ("PolicyNo", "ClaimNumber", "Premium", "InsuredLocation", "Loss_Ratio", "Nearest_Firestation_miles", "Number_of_Firefighters", "Fireplace", "Year_Built") VALUES (NULL, NULL, NULL, NULL, 0.2, 4, 10, 'yes', 1962);
INSERT INTO public."FireClaim" ("PolicyNo", "ClaimNumber", "Premium", "InsuredLocation", "Loss_Ratio", "Nearest_Firestation_miles", "Number_of_Firefighters", "Fireplace", "Year_Built") VALUES (NULL, NULL, NULL, NULL, 0.1, 2, 10, 'yes', 2019);
INSERT INTO public."FireClaim" ("PolicyNo", "ClaimNumber", "Premium", "InsuredLocation", "Loss_Ratio", "Nearest_Firestation_miles", "Number_of_Firefighters", "Fireplace", "Year_Built") VALUES (NULL, NULL, NULL, NULL, 0.5, 4, 10, 'yes', 1971);
INSERT INTO public."FireClaim" ("PolicyNo", "ClaimNumber", "Premium", "InsuredLocation", "Loss_Ratio", "Nearest_Firestation_miles", "Number_of_Firefighters", "Fireplace", "Year_Built") VALUES (NULL, NULL, NULL, NULL, 0.4, 1, 7, 'yes', 2015);
INSERT INTO public."FireClaim" ("PolicyNo", "ClaimNumber", "Premium", "InsuredLocation", "Loss_Ratio", "Nearest_Firestation_miles", "Number_of_Firefighters", "Fireplace", "Year_Built") VALUES (NULL, NULL, NULL, NULL, 0.4, 3, 10, 'yes', 1981);
INSERT INTO public."FireClaim" ("PolicyNo", "ClaimNumber", "Premium", "InsuredLocation", "Loss_Ratio", "Nearest_Firestation_miles", "Number_of_Firefighters", "Fireplace", "Year_Built") VALUES (NULL, NULL, NULL, NULL, 0.5, 2, 7, 'yes', 1998);
INSERT INTO public."FireClaim" ("PolicyNo", "ClaimNumber", "Premium", "InsuredLocation", "Loss_Ratio", "Nearest_Firestation_miles", "Number_of_Firefighters", "Fireplace", "Year_Built") VALUES (NULL, NULL, NULL, NULL, 0.2, 2, 7, 'yes', 1993);
INSERT INTO public."FireClaim" ("PolicyNo", "ClaimNumber", "Premium", "InsuredLocation", "Loss_Ratio", "Nearest_Firestation_miles", "Number_of_Firefighters", "Fireplace", "Year_Built") VALUES (NULL, NULL, NULL, NULL, 0.2, 1, 8, 'yes', 2015);
INSERT INTO public."FireClaim" ("PolicyNo", "ClaimNumber", "Premium", "InsuredLocation", "Loss_Ratio", "Nearest_Firestation_miles", "Number_of_Firefighters", "Fireplace", "Year_Built") VALUES (NULL, NULL, NULL, NULL, 0.2, 3, 10, 'yes', 1993);
INSERT INTO public."FireClaim" ("PolicyNo", "ClaimNumber", "Premium", "InsuredLocation", "Loss_Ratio", "Nearest_Firestation_miles", "Number_of_Firefighters", "Fireplace", "Year_Built") VALUES (NULL, NULL, NULL, NULL, 0.5, 3, 7, 'yes', 2014);
INSERT INTO public."FireClaim" ("PolicyNo", "ClaimNumber", "Premium", "InsuredLocation", "Loss_Ratio", "Nearest_Firestation_miles", "Number_of_Firefighters", "Fireplace", "Year_Built") VALUES (NULL, NULL, NULL, NULL, 0.1, 4, 10, 'yes', 1963);
INSERT INTO public."FireClaim" ("PolicyNo", "ClaimNumber", "Premium", "InsuredLocation", "Loss_Ratio", "Nearest_Firestation_miles", "Number_of_Firefighters", "Fireplace", "Year_Built") VALUES (NULL, NULL, NULL, NULL, 0.1, 2, 7, 'yes', 2006);
INSERT INTO public."FireClaim" ("PolicyNo", "ClaimNumber", "Premium", "InsuredLocation", "Loss_Ratio", "Nearest_Firestation_miles", "Number_of_Firefighters", "Fireplace", "Year_Built") VALUES (NULL, NULL, NULL, NULL, 0.4, 1, 9, 'yes', 1977);
INSERT INTO public."FireClaim" ("PolicyNo", "ClaimNumber", "Premium", "InsuredLocation", "Loss_Ratio", "Nearest_Firestation_miles", "Number_of_Firefighters", "Fireplace", "Year_Built") VALUES (NULL, NULL, NULL, NULL, 0.1, 1, 10, 'yes', 2004);
INSERT INTO public."FireClaim" ("PolicyNo", "ClaimNumber", "Premium", "InsuredLocation", "Loss_Ratio", "Nearest_Firestation_miles", "Number_of_Firefighters", "Fireplace", "Year_Built") VALUES (NULL, NULL, NULL, NULL, 0.2, 2, 9, 'yes', 1993);
INSERT INTO public."FireClaim" ("PolicyNo", "ClaimNumber", "Premium", "InsuredLocation", "Loss_Ratio", "Nearest_Firestation_miles", "Number_of_Firefighters", "Fireplace", "Year_Built") VALUES (NULL, NULL, NULL, NULL, 0.4, 4, 7, 'yes', 2004);
INSERT INTO public."FireClaim" ("PolicyNo", "ClaimNumber", "Premium", "InsuredLocation", "Loss_Ratio", "Nearest_Firestation_miles", "Number_of_Firefighters", "Fireplace", "Year_Built") VALUES (NULL, NULL, NULL, NULL, 0.3, 2, 9, 'yes', 1991);
INSERT INTO public."FireClaim" ("PolicyNo", "ClaimNumber", "Premium", "InsuredLocation", "Loss_Ratio", "Nearest_Firestation_miles", "Number_of_Firefighters", "Fireplace", "Year_Built") VALUES (NULL, NULL, NULL, NULL, 0.3, 2, 8, 'yes', 2004);
INSERT INTO public."FireClaim" ("PolicyNo", "ClaimNumber", "Premium", "InsuredLocation", "Loss_Ratio", "Nearest_Firestation_miles", "Number_of_Firefighters", "Fireplace", "Year_Built") VALUES (NULL, NULL, NULL, NULL, 0.3, 1, 8, 'yes', 1991);
INSERT INTO public."FireClaim" ("PolicyNo", "ClaimNumber", "Premium", "InsuredLocation", "Loss_Ratio", "Nearest_Firestation_miles", "Number_of_Firefighters", "Fireplace", "Year_Built") VALUES (NULL, NULL, NULL, NULL, 0.5, 4, 10, 'yes', 2004);
INSERT INTO public."FireClaim" ("PolicyNo", "ClaimNumber", "Premium", "InsuredLocation", "Loss_Ratio", "Nearest_Firestation_miles", "Number_of_Firefighters", "Fireplace", "Year_Built") VALUES (NULL, NULL, NULL, NULL, 0.1, 2, 10, 'yes', 1985);
INSERT INTO public."FireClaim" ("PolicyNo", "ClaimNumber", "Premium", "InsuredLocation", "Loss_Ratio", "Nearest_Firestation_miles", "Number_of_Firefighters", "Fireplace", "Year_Built") VALUES (NULL, NULL, NULL, NULL, 0.5, 4, 10, 'yes', 2016);
INSERT INTO public."FireClaim" ("PolicyNo", "ClaimNumber", "Premium", "InsuredLocation", "Loss_Ratio", "Nearest_Firestation_miles", "Number_of_Firefighters", "Fireplace", "Year_Built") VALUES (NULL, NULL, NULL, NULL, 0.4, 3, 10, 'yes', 1980);
INSERT INTO public."FireClaim" ("PolicyNo", "ClaimNumber", "Premium", "InsuredLocation", "Loss_Ratio", "Nearest_Firestation_miles", "Number_of_Firefighters", "Fireplace", "Year_Built") VALUES (NULL, NULL, NULL, NULL, 0.2, 3, 8, 'yes', 2011);
INSERT INTO public."FireClaim" ("PolicyNo", "ClaimNumber", "Premium", "InsuredLocation", "Loss_Ratio", "Nearest_Firestation_miles", "Number_of_Firefighters", "Fireplace", "Year_Built") VALUES (NULL, NULL, NULL, NULL, 0.4, 4, 7, 'yes', 1986);
INSERT INTO public."FireClaim" ("PolicyNo", "ClaimNumber", "Premium", "InsuredLocation", "Loss_Ratio", "Nearest_Firestation_miles", "Number_of_Firefighters", "Fireplace", "Year_Built") VALUES (NULL, NULL, NULL, NULL, 0.1, 1, 10, 'yes', 2012);
INSERT INTO public."FireClaim" ("PolicyNo", "ClaimNumber", "Premium", "InsuredLocation", "Loss_Ratio", "Nearest_Firestation_miles", "Number_of_Firefighters", "Fireplace", "Year_Built") VALUES (NULL, NULL, NULL, NULL, 0.4, 3, 9, 'yes', 1978);
INSERT INTO public."FireClaim" ("PolicyNo", "ClaimNumber", "Premium", "InsuredLocation", "Loss_Ratio", "Nearest_Firestation_miles", "Number_of_Firefighters", "Fireplace", "Year_Built") VALUES (NULL, NULL, NULL, NULL, 0.5, 4, 8, 'yes', 1995);
INSERT INTO public."FireClaim" ("PolicyNo", "ClaimNumber", "Premium", "InsuredLocation", "Loss_Ratio", "Nearest_Firestation_miles", "Number_of_Firefighters", "Fireplace", "Year_Built") VALUES (NULL, NULL, NULL, NULL, 0.1, 3, 9, 'yes', 1989);
INSERT INTO public."FireClaim" ("PolicyNo", "ClaimNumber", "Premium", "InsuredLocation", "Loss_Ratio", "Nearest_Firestation_miles", "Number_of_Firefighters", "Fireplace", "Year_Built") VALUES (NULL, NULL, NULL, NULL, 0.2, 2, 9, 'yes', 2017);
INSERT INTO public."FireClaim" ("PolicyNo", "ClaimNumber", "Premium", "InsuredLocation", "Loss_Ratio", "Nearest_Firestation_miles", "Number_of_Firefighters", "Fireplace", "Year_Built") VALUES (NULL, NULL, NULL, NULL, 0.3, 1, 7, 'yes', 1993);
INSERT INTO public."FireClaim" ("PolicyNo", "ClaimNumber", "Premium", "InsuredLocation", "Loss_Ratio", "Nearest_Firestation_miles", "Number_of_Firefighters", "Fireplace", "Year_Built") VALUES (NULL, NULL, NULL, NULL, 0.2, 3, 10, 'yes', 2008);
INSERT INTO public."FireClaim" ("PolicyNo", "ClaimNumber", "Premium", "InsuredLocation", "Loss_Ratio", "Nearest_Firestation_miles", "Number_of_Firefighters", "Fireplace", "Year_Built") VALUES (NULL, NULL, NULL, NULL, 0.5, 1, 7, 'yes', 1981);
INSERT INTO public."FireClaim" ("PolicyNo", "ClaimNumber", "Premium", "InsuredLocation", "Loss_Ratio", "Nearest_Firestation_miles", "Number_of_Firefighters", "Fireplace", "Year_Built") VALUES (NULL, NULL, NULL, NULL, 0.5, 2, 10, 'yes', 2003);
INSERT INTO public."FireClaim" ("PolicyNo", "ClaimNumber", "Premium", "InsuredLocation", "Loss_Ratio", "Nearest_Firestation_miles", "Number_of_Firefighters", "Fireplace", "Year_Built") VALUES (NULL, NULL, NULL, NULL, 0.5, 2, 10, 'yes', 1973);
INSERT INTO public."FireClaim" ("PolicyNo", "ClaimNumber", "Premium", "InsuredLocation", "Loss_Ratio", "Nearest_Firestation_miles", "Number_of_Firefighters", "Fireplace", "Year_Built") VALUES (NULL, NULL, NULL, NULL, 0.5, 3, 9, 'yes', 1999);
INSERT INTO public."FireClaim" ("PolicyNo", "ClaimNumber", "Premium", "InsuredLocation", "Loss_Ratio", "Nearest_Firestation_miles", "Number_of_Firefighters", "Fireplace", "Year_Built") VALUES (NULL, NULL, NULL, NULL, 0.4, 2, 8, 'yes', 1974);
INSERT INTO public."FireClaim" ("PolicyNo", "ClaimNumber", "Premium", "InsuredLocation", "Loss_Ratio", "Nearest_Firestation_miles", "Number_of_Firefighters", "Fireplace", "Year_Built") VALUES (NULL, NULL, NULL, NULL, 0.1, 1, 8, 'yes', 2019);
INSERT INTO public."FireClaim" ("PolicyNo", "ClaimNumber", "Premium", "InsuredLocation", "Loss_Ratio", "Nearest_Firestation_miles", "Number_of_Firefighters", "Fireplace", "Year_Built") VALUES (NULL, NULL, NULL, NULL, 0.2, 2, 7, 'yes', 1975);
INSERT INTO public."FireClaim" ("PolicyNo", "ClaimNumber", "Premium", "InsuredLocation", "Loss_Ratio", "Nearest_Firestation_miles", "Number_of_Firefighters", "Fireplace", "Year_Built") VALUES (NULL, NULL, NULL, NULL, 0.2, 4, 7, 'yes', 2013);
INSERT INTO public."FireClaim" ("PolicyNo", "ClaimNumber", "Premium", "InsuredLocation", "Loss_Ratio", "Nearest_Firestation_miles", "Number_of_Firefighters", "Fireplace", "Year_Built") VALUES (NULL, NULL, NULL, NULL, 0.2, 2, 10, 'yes', 1993);
INSERT INTO public."FireClaim" ("PolicyNo", "ClaimNumber", "Premium", "InsuredLocation", "Loss_Ratio", "Nearest_Firestation_miles", "Number_of_Firefighters", "Fireplace", "Year_Built") VALUES (NULL, NULL, NULL, NULL, 0.3, 3, 8, 'yes', 2003);
INSERT INTO public."FireClaim" ("PolicyNo", "ClaimNumber", "Premium", "InsuredLocation", "Loss_Ratio", "Nearest_Firestation_miles", "Number_of_Firefighters", "Fireplace", "Year_Built") VALUES (NULL, NULL, NULL, NULL, 0.2, 4, 8, 'yes', 1989);
INSERT INTO public."FireClaim" ("PolicyNo", "ClaimNumber", "Premium", "InsuredLocation", "Loss_Ratio", "Nearest_Firestation_miles", "Number_of_Firefighters", "Fireplace", "Year_Built") VALUES (NULL, NULL, NULL, NULL, 0.5, 4, 7, 'yes', 2012);
INSERT INTO public."FireClaim" ("PolicyNo", "ClaimNumber", "Premium", "InsuredLocation", "Loss_Ratio", "Nearest_Firestation_miles", "Number_of_Firefighters", "Fireplace", "Year_Built") VALUES (NULL, NULL, NULL, NULL, 0.4, 3, 8, 'yes', 1983);
INSERT INTO public."FireClaim" ("PolicyNo", "ClaimNumber", "Premium", "InsuredLocation", "Loss_Ratio", "Nearest_Firestation_miles", "Number_of_Firefighters", "Fireplace", "Year_Built") VALUES (NULL, NULL, NULL, NULL, 0.1, 4, 8, 'yes', 2014);
INSERT INTO public."FireClaim" ("PolicyNo", "ClaimNumber", "Premium", "InsuredLocation", "Loss_Ratio", "Nearest_Firestation_miles", "Number_of_Firefighters", "Fireplace", "Year_Built") VALUES (NULL, NULL, NULL, NULL, 0.2, 3, 9, 'yes', 1973);
INSERT INTO public."FireClaim" ("PolicyNo", "ClaimNumber", "Premium", "InsuredLocation", "Loss_Ratio", "Nearest_Firestation_miles", "Number_of_Firefighters", "Fireplace", "Year_Built") VALUES (NULL, NULL, NULL, NULL, 0.4, 3, 8, 'yes', 2018);
INSERT INTO public."FireClaim" ("PolicyNo", "ClaimNumber", "Premium", "InsuredLocation", "Loss_Ratio", "Nearest_Firestation_miles", "Number_of_Firefighters", "Fireplace", "Year_Built") VALUES (NULL, NULL, NULL, NULL, 0.4, 2, 10, 'yes', 1976);
INSERT INTO public."FireClaim" ("PolicyNo", "ClaimNumber", "Premium", "InsuredLocation", "Loss_Ratio", "Nearest_Firestation_miles", "Number_of_Firefighters", "Fireplace", "Year_Built") VALUES (NULL, NULL, NULL, NULL, 0.4, 4, 8, 'yes', 2006);
INSERT INTO public."FireClaim" ("PolicyNo", "ClaimNumber", "Premium", "InsuredLocation", "Loss_Ratio", "Nearest_Firestation_miles", "Number_of_Firefighters", "Fireplace", "Year_Built") VALUES (NULL, NULL, NULL, NULL, 0.2, 4, 8, 'yes', 1967);
INSERT INTO public."FireClaim" ("PolicyNo", "ClaimNumber", "Premium", "InsuredLocation", "Loss_Ratio", "Nearest_Firestation_miles", "Number_of_Firefighters", "Fireplace", "Year_Built") VALUES (NULL, NULL, NULL, NULL, 0.2, 2, 9, 'yes', 2018);
INSERT INTO public."FireClaim" ("PolicyNo", "ClaimNumber", "Premium", "InsuredLocation", "Loss_Ratio", "Nearest_Firestation_miles", "Number_of_Firefighters", "Fireplace", "Year_Built") VALUES (NULL, NULL, NULL, NULL, 0.5, 3, 8, 'yes', 1990);
INSERT INTO public."FireClaim" ("PolicyNo", "ClaimNumber", "Premium", "InsuredLocation", "Loss_Ratio", "Nearest_Firestation_miles", "Number_of_Firefighters", "Fireplace", "Year_Built") VALUES (NULL, NULL, NULL, NULL, 0.4, 3, 7, 'yes', 2002);
INSERT INTO public."FireClaim" ("PolicyNo", "ClaimNumber", "Premium", "InsuredLocation", "Loss_Ratio", "Nearest_Firestation_miles", "Number_of_Firefighters", "Fireplace", "Year_Built") VALUES (NULL, NULL, NULL, NULL, 0.3, 4, 9, 'yes', 1981);
INSERT INTO public."FireClaim" ("PolicyNo", "ClaimNumber", "Premium", "InsuredLocation", "Loss_Ratio", "Nearest_Firestation_miles", "Number_of_Firefighters", "Fireplace", "Year_Built") VALUES (NULL, NULL, NULL, NULL, 0.2, 2, 9, 'yes', 1996);
INSERT INTO public."FireClaim" ("PolicyNo", "ClaimNumber", "Premium", "InsuredLocation", "Loss_Ratio", "Nearest_Firestation_miles", "Number_of_Firefighters", "Fireplace", "Year_Built") VALUES (NULL, NULL, NULL, NULL, 0.3, 1, 7, 'yes', 1963);
INSERT INTO public."FireClaim" ("PolicyNo", "ClaimNumber", "Premium", "InsuredLocation", "Loss_Ratio", "Nearest_Firestation_miles", "Number_of_Firefighters", "Fireplace", "Year_Built") VALUES (NULL, NULL, NULL, NULL, 0.5, 1, 9, 'yes', 2014);
INSERT INTO public."FireClaim" ("PolicyNo", "ClaimNumber", "Premium", "InsuredLocation", "Loss_Ratio", "Nearest_Firestation_miles", "Number_of_Firefighters", "Fireplace", "Year_Built") VALUES (NULL, NULL, NULL, NULL, 0.1, 4, 10, 'yes', 1973);
INSERT INTO public."FireClaim" ("PolicyNo", "ClaimNumber", "Premium", "InsuredLocation", "Loss_Ratio", "Nearest_Firestation_miles", "Number_of_Firefighters", "Fireplace", "Year_Built") VALUES (NULL, NULL, NULL, NULL, 0.3, 1, 7, 'yes', 1997);
INSERT INTO public."FireClaim" ("PolicyNo", "ClaimNumber", "Premium", "InsuredLocation", "Loss_Ratio", "Nearest_Firestation_miles", "Number_of_Firefighters", "Fireplace", "Year_Built") VALUES (NULL, NULL, NULL, NULL, 0.4, 4, 9, 'yes', 1962);
INSERT INTO public."FireClaim" ("PolicyNo", "ClaimNumber", "Premium", "InsuredLocation", "Loss_Ratio", "Nearest_Firestation_miles", "Number_of_Firefighters", "Fireplace", "Year_Built") VALUES (NULL, NULL, NULL, NULL, 0.2, 2, 8, 'yes', 2003);
INSERT INTO public."FireClaim" ("PolicyNo", "ClaimNumber", "Premium", "InsuredLocation", "Loss_Ratio", "Nearest_Firestation_miles", "Number_of_Firefighters", "Fireplace", "Year_Built") VALUES (NULL, NULL, NULL, NULL, 0.5, 4, 7, 'yes', 1977);
INSERT INTO public."FireClaim" ("PolicyNo", "ClaimNumber", "Premium", "InsuredLocation", "Loss_Ratio", "Nearest_Firestation_miles", "Number_of_Firefighters", "Fireplace", "Year_Built") VALUES (NULL, NULL, NULL, NULL, 0.4, 1, 8, 'yes', 2012);
INSERT INTO public."FireClaim" ("PolicyNo", "ClaimNumber", "Premium", "InsuredLocation", "Loss_Ratio", "Nearest_Firestation_miles", "Number_of_Firefighters", "Fireplace", "Year_Built") VALUES (NULL, NULL, NULL, NULL, 0.5, 2, 10, 'yes', 1992);
INSERT INTO public."FireClaim" ("PolicyNo", "ClaimNumber", "Premium", "InsuredLocation", "Loss_Ratio", "Nearest_Firestation_miles", "Number_of_Firefighters", "Fireplace", "Year_Built") VALUES (NULL, NULL, NULL, NULL, 0.3, 3, 9, 'yes', 2006);
INSERT INTO public."FireClaim" ("PolicyNo", "ClaimNumber", "Premium", "InsuredLocation", "Loss_Ratio", "Nearest_Firestation_miles", "Number_of_Firefighters", "Fireplace", "Year_Built") VALUES (NULL, NULL, NULL, NULL, 0.3, 4, 8, 'yes', 1968);
INSERT INTO public."FireClaim" ("PolicyNo", "ClaimNumber", "Premium", "InsuredLocation", "Loss_Ratio", "Nearest_Firestation_miles", "Number_of_Firefighters", "Fireplace", "Year_Built") VALUES (NULL, NULL, NULL, NULL, 0.3, 2, 10, 'yes', 2001);
INSERT INTO public."FireClaim" ("PolicyNo", "ClaimNumber", "Premium", "InsuredLocation", "Loss_Ratio", "Nearest_Firestation_miles", "Number_of_Firefighters", "Fireplace", "Year_Built") VALUES (NULL, NULL, NULL, NULL, 0.5, 3, 10, 'yes', 1973);
INSERT INTO public."FireClaim" ("PolicyNo", "ClaimNumber", "Premium", "InsuredLocation", "Loss_Ratio", "Nearest_Firestation_miles", "Number_of_Firefighters", "Fireplace", "Year_Built") VALUES (NULL, NULL, NULL, NULL, 0.4, 4, 9, 'yes', 2010);
INSERT INTO public."FireClaim" ("PolicyNo", "ClaimNumber", "Premium", "InsuredLocation", "Loss_Ratio", "Nearest_Firestation_miles", "Number_of_Firefighters", "Fireplace", "Year_Built") VALUES (NULL, NULL, NULL, NULL, 0.1, 3, 7, 'yes', 1977);
INSERT INTO public."FireClaim" ("PolicyNo", "ClaimNumber", "Premium", "InsuredLocation", "Loss_Ratio", "Nearest_Firestation_miles", "Number_of_Firefighters", "Fireplace", "Year_Built") VALUES (NULL, NULL, NULL, NULL, 0.1, 2, 9, 'yes', 2008);
INSERT INTO public."FireClaim" ("PolicyNo", "ClaimNumber", "Premium", "InsuredLocation", "Loss_Ratio", "Nearest_Firestation_miles", "Number_of_Firefighters", "Fireplace", "Year_Built") VALUES (NULL, NULL, NULL, NULL, 0.5, 3, 8, 'yes', 1964);
INSERT INTO public."FireClaim" ("PolicyNo", "ClaimNumber", "Premium", "InsuredLocation", "Loss_Ratio", "Nearest_Firestation_miles", "Number_of_Firefighters", "Fireplace", "Year_Built") VALUES (NULL, NULL, NULL, NULL, 0.5, 3, 10, 'yes', 2020);
INSERT INTO public."FireClaim" ("PolicyNo", "ClaimNumber", "Premium", "InsuredLocation", "Loss_Ratio", "Nearest_Firestation_miles", "Number_of_Firefighters", "Fireplace", "Year_Built") VALUES (NULL, NULL, NULL, NULL, 0.4, 2, 7, 'yes', 1974);
INSERT INTO public."FireClaim" ("PolicyNo", "ClaimNumber", "Premium", "InsuredLocation", "Loss_Ratio", "Nearest_Firestation_miles", "Number_of_Firefighters", "Fireplace", "Year_Built") VALUES (NULL, NULL, NULL, NULL, 0.5, 4, 9, 'yes', 2001);
INSERT INTO public."FireClaim" ("PolicyNo", "ClaimNumber", "Premium", "InsuredLocation", "Loss_Ratio", "Nearest_Firestation_miles", "Number_of_Firefighters", "Fireplace", "Year_Built") VALUES (NULL, NULL, NULL, NULL, 0.5, 1, 9, 'yes', 1968);
INSERT INTO public."FireClaim" ("PolicyNo", "ClaimNumber", "Premium", "InsuredLocation", "Loss_Ratio", "Nearest_Firestation_miles", "Number_of_Firefighters", "Fireplace", "Year_Built") VALUES (NULL, NULL, NULL, NULL, 0.3, 3, 10, 'yes', 2016);
INSERT INTO public."FireClaim" ("PolicyNo", "ClaimNumber", "Premium", "InsuredLocation", "Loss_Ratio", "Nearest_Firestation_miles", "Number_of_Firefighters", "Fireplace", "Year_Built") VALUES (NULL, NULL, NULL, NULL, 0.1, 3, 8, 'yes', 1962);
INSERT INTO public."FireClaim" ("PolicyNo", "ClaimNumber", "Premium", "InsuredLocation", "Loss_Ratio", "Nearest_Firestation_miles", "Number_of_Firefighters", "Fireplace", "Year_Built") VALUES (NULL, NULL, NULL, NULL, 0.4, 1, 8, 'yes', 2014);
INSERT INTO public."FireClaim" ("PolicyNo", "ClaimNumber", "Premium", "InsuredLocation", "Loss_Ratio", "Nearest_Firestation_miles", "Number_of_Firefighters", "Fireplace", "Year_Built") VALUES (NULL, NULL, NULL, NULL, 0.5, 4, 7, 'yes', 1992);
INSERT INTO public."FireClaim" ("PolicyNo", "ClaimNumber", "Premium", "InsuredLocation", "Loss_Ratio", "Nearest_Firestation_miles", "Number_of_Firefighters", "Fireplace", "Year_Built") VALUES (NULL, NULL, NULL, NULL, 0.5, 2, 7, 'yes', 2018);
INSERT INTO public."FireClaim" ("PolicyNo", "ClaimNumber", "Premium", "InsuredLocation", "Loss_Ratio", "Nearest_Firestation_miles", "Number_of_Firefighters", "Fireplace", "Year_Built") VALUES (NULL, NULL, NULL, NULL, 0.4, 4, 9, 'yes', 1989);
INSERT INTO public."FireClaim" ("PolicyNo", "ClaimNumber", "Premium", "InsuredLocation", "Loss_Ratio", "Nearest_Firestation_miles", "Number_of_Firefighters", "Fireplace", "Year_Built") VALUES (NULL, NULL, NULL, NULL, 0.5, 1, 7, 'yes', 2006);
INSERT INTO public."FireClaim" ("PolicyNo", "ClaimNumber", "Premium", "InsuredLocation", "Loss_Ratio", "Nearest_Firestation_miles", "Number_of_Firefighters", "Fireplace", "Year_Built") VALUES (NULL, NULL, NULL, NULL, 0.3, 4, 7, 'yes', 1976);
INSERT INTO public."FireClaim" ("PolicyNo", "ClaimNumber", "Premium", "InsuredLocation", "Loss_Ratio", "Nearest_Firestation_miles", "Number_of_Firefighters", "Fireplace", "Year_Built") VALUES (NULL, NULL, NULL, NULL, 0.2, 2, 7, 'yes', 2010);
INSERT INTO public."FireClaim" ("PolicyNo", "ClaimNumber", "Premium", "InsuredLocation", "Loss_Ratio", "Nearest_Firestation_miles", "Number_of_Firefighters", "Fireplace", "Year_Built") VALUES (NULL, NULL, NULL, NULL, 0.4, 3, 10, 'yes', 1979);
INSERT INTO public."FireClaim" ("PolicyNo", "ClaimNumber", "Premium", "InsuredLocation", "Loss_Ratio", "Nearest_Firestation_miles", "Number_of_Firefighters", "Fireplace", "Year_Built") VALUES (NULL, NULL, NULL, NULL, 0.4, 4, 10, 'yes', 2014);
INSERT INTO public."FireClaim" ("PolicyNo", "ClaimNumber", "Premium", "InsuredLocation", "Loss_Ratio", "Nearest_Firestation_miles", "Number_of_Firefighters", "Fireplace", "Year_Built") VALUES (NULL, NULL, NULL, NULL, 0.4, 3, 7, 'yes', 1960);


--
-- Data for Name: Geographic_Location; Type: TABLE DATA; Schema: public; Owner: execution-identity-rocket.demo-rocket
--

INSERT INTO public."Geographic_Location" ("Geographic_Location_Identifier", "Parent_Geographic_Location_Identifier", "Geographic_Location_Type_Code", "Location_Code", "Location_Name", "Location_Number", "State_Code", "Location_Address_Identifier", "Physical_Location_Identifier") VALUES (1, NULL, NULL, NULL, NULL, NULL, 'TX', 1, 1);
INSERT INTO public."Geographic_Location" ("Geographic_Location_Identifier", "Parent_Geographic_Location_Identifier", "Geographic_Location_Type_Code", "Location_Code", "Location_Name", "Location_Number", "State_Code", "Location_Address_Identifier", "Physical_Location_Identifier") VALUES (2, NULL, NULL, NULL, NULL, NULL, 'TX', 2, 2);
INSERT INTO public."Geographic_Location" ("Geographic_Location_Identifier", "Parent_Geographic_Location_Identifier", "Geographic_Location_Type_Code", "Location_Code", "Location_Name", "Location_Number", "State_Code", "Location_Address_Identifier", "Physical_Location_Identifier") VALUES (3, NULL, NULL, NULL, NULL, NULL, 'TX', 3, 3);
INSERT INTO public."Geographic_Location" ("Geographic_Location_Identifier", "Parent_Geographic_Location_Identifier", "Geographic_Location_Type_Code", "Location_Code", "Location_Name", "Location_Number", "State_Code", "Location_Address_Identifier", "Physical_Location_Identifier") VALUES (4, NULL, NULL, NULL, NULL, NULL, 'TX', 4, 4);
INSERT INTO public."Geographic_Location" ("Geographic_Location_Identifier", "Parent_Geographic_Location_Identifier", "Geographic_Location_Type_Code", "Location_Code", "Location_Name", "Location_Number", "State_Code", "Location_Address_Identifier", "Physical_Location_Identifier") VALUES (5, NULL, NULL, NULL, NULL, NULL, 'TX', 5, 5);
INSERT INTO public."Geographic_Location" ("Geographic_Location_Identifier", "Parent_Geographic_Location_Identifier", "Geographic_Location_Type_Code", "Location_Code", "Location_Name", "Location_Number", "State_Code", "Location_Address_Identifier", "Physical_Location_Identifier") VALUES (6, NULL, NULL, NULL, NULL, NULL, 'TX', 6, 6);
INSERT INTO public."Geographic_Location" ("Geographic_Location_Identifier", "Parent_Geographic_Location_Identifier", "Geographic_Location_Type_Code", "Location_Code", "Location_Name", "Location_Number", "State_Code", "Location_Address_Identifier", "Physical_Location_Identifier") VALUES (7, NULL, NULL, NULL, NULL, NULL, 'TX', 7, 7);
INSERT INTO public."Geographic_Location" ("Geographic_Location_Identifier", "Parent_Geographic_Location_Identifier", "Geographic_Location_Type_Code", "Location_Code", "Location_Name", "Location_Number", "State_Code", "Location_Address_Identifier", "Physical_Location_Identifier") VALUES (8, NULL, NULL, NULL, NULL, NULL, 'TX', 8, 8);


--
-- Data for Name: Insurable_Object; Type: TABLE DATA; Schema: public; Owner: execution-identity-rocket.demo-rocket
--

INSERT INTO public."Insurable_Object" ("Insurable_Object_Identifier", "Geographic_Location_Identifier", "Insurable_Object_Type_Code") VALUES (1, 1, NULL);
INSERT INTO public."Insurable_Object" ("Insurable_Object_Identifier", "Geographic_Location_Identifier", "Insurable_Object_Type_Code") VALUES (2, 2, NULL);


--
-- Data for Name: Location_Address; Type: TABLE DATA; Schema: public; Owner: execution-identity-rocket.demo-rocket
--

INSERT INTO public."Location_Address" ("Location_Address_Identifier", "Line_1_Address", "Municipality_Name", "Line_2_Address", "Postal_Code", "Country_Code", "State_Code", "Begin_Date", "End_Date") VALUES (1, '5315 Martin Ave', 'Austin', NULL, 78751, 'USA', 'TX', NULL, NULL);
INSERT INTO public."Location_Address" ("Location_Address_Identifier", "Line_1_Address", "Municipality_Name", "Line_2_Address", "Postal_Code", "Country_Code", "State_Code", "Begin_Date", "End_Date") VALUES (2, '13017 Zen Gardens Way', 'Austin', NULL, 78732, 'USA', 'TX', NULL, NULL);
INSERT INTO public."Location_Address" ("Location_Address_Identifier", "Line_1_Address", "Municipality_Name", "Line_2_Address", "Postal_Code", "Country_Code", "State_Code", "Begin_Date", "End_Date") VALUES (3, '6303 Indian Canyon Drive', 'Austin', NULL, 78756, 'USA', 'TX', NULL, NULL);
INSERT INTO public."Location_Address" ("Location_Address_Identifier", "Line_1_Address", "Municipality_Name", "Line_2_Address", "Postal_Code", "Country_Code", "State_Code", "Begin_Date", "End_Date") VALUES (4, '1603 East 14th Street', 'Austin', NULL, 78702, 'USA', 'TX', NULL, NULL);
INSERT INTO public."Location_Address" ("Location_Address_Identifier", "Line_1_Address", "Municipality_Name", "Line_2_Address", "Postal_Code", "Country_Code", "State_Code", "Begin_Date", "End_Date") VALUES (5, '309 East 11th Street', 'Austin', NULL, 78701, 'USA', 'TX', NULL, NULL);
INSERT INTO public."Location_Address" ("Location_Address_Identifier", "Line_1_Address", "Municipality_Name", "Line_2_Address", "Postal_Code", "Country_Code", "State_Code", "Begin_Date", "End_Date") VALUES (6, '801 Post Oak Drive', 'Austin', NULL, 78704, 'USA', 'TX', NULL, NULL);
INSERT INTO public."Location_Address" ("Location_Address_Identifier", "Line_1_Address", "Municipality_Name", "Line_2_Address", "Postal_Code", "Country_Code", "State_Code", "Begin_Date", "End_Date") VALUES (7, '721 Barton Springs Road', 'Austin', NULL, 78704, 'USA', 'TX', NULL, NULL);
INSERT INTO public."Location_Address" ("Location_Address_Identifier", "Line_1_Address", "Municipality_Name", "Line_2_Address", "Postal_Code", "Country_Code", "State_Code", "Begin_Date", "End_Date") VALUES (8, '3801 Peak Lookout Drive', 'Austin', NULL, 78738, 'USA', 'TX', NULL, NULL);


--
-- Data for Name: Loss_Payment; Type: TABLE DATA; Schema: public; Owner: execution-identity-rocket.demo-rocket
--

INSERT INTO public."Loss_Payment" ("Claim_Amount_Identifier") VALUES (3);
INSERT INTO public."Loss_Payment" ("Claim_Amount_Identifier") VALUES (7);


--
-- Data for Name: Loss_Payment_v2; Type: TABLE DATA; Schema: public; Owner: execution-identity-rocket.demo-rocket
--

INSERT INTO public."Loss_Payment_v2" ("Claim_Identifier", "Claim_Offer_Identifier", "Amount_Type_Code", "Event_Date", amount, "Insurance_Type_Code") VALUES (1, NULL, NULL, NULL, 1200, NULL);
INSERT INTO public."Loss_Payment_v2" ("Claim_Identifier", "Claim_Offer_Identifier", "Amount_Type_Code", "Event_Date", amount, "Insurance_Type_Code") VALUES (2, NULL, NULL, NULL, 2300, NULL);


--
-- Data for Name: Loss_Payment_v3; Type: TABLE DATA; Schema: public; Owner: execution-identity-rocket.demo-rocket
--

INSERT INTO public."Loss_Payment_v3" ("Claim_Identifier", "Claim_Offer_Identifier", "Amount_Type_Code", "Event_Date", amount, "Insurance_Type_Code") VALUES (1, NULL, NULL, NULL, 1200, NULL);
INSERT INTO public."Loss_Payment_v3" ("Claim_Identifier", "Claim_Offer_Identifier", "Amount_Type_Code", "Event_Date", amount, "Insurance_Type_Code") VALUES (2, NULL, NULL, NULL, 2300, NULL);


--
-- Data for Name: Loss_Reserve; Type: TABLE DATA; Schema: public; Owner: execution-identity-rocket.demo-rocket
--

INSERT INTO public."Loss_Reserve" ("Claim_Amount_Identifier") VALUES (1);
INSERT INTO public."Loss_Reserve" ("Claim_Amount_Identifier") VALUES (5);


--
-- Data for Name: Loss_Reserve_v2; Type: TABLE DATA; Schema: public; Owner: execution-identity-rocket.demo-rocket
--

INSERT INTO public."Loss_Reserve_v2" ("Claim_Identifier", "Claim_Offer_Identifier", "Amount_Type_Code", "Event_Date", "Amount", "Insurance_Type_Code") VALUES (1, NULL, NULL, NULL, 1000, NULL);
INSERT INTO public."Loss_Reserve_v2" ("Claim_Identifier", "Claim_Offer_Identifier", "Amount_Type_Code", "Event_Date", "Amount", "Insurance_Type_Code") VALUES (2, NULL, NULL, NULL, 2100, NULL);


--
-- Data for Name: Occurrence; Type: TABLE DATA; Schema: public; Owner: execution-identity-rocket.demo-rocket
--

INSERT INTO public."Occurrence" ("Occurrence_Identifier", "Catastrophic_Event_Indicator", "Geographic_Location_Identifier", "Occurrence_Begin_Date", "Occurrence_End_Date", "Occurrence_Begin_Time", "Occurrence_End_Time", "Occurrence_Name") VALUES (1, NULL, NULL, '2019-01-14', '2019-01-14', NULL, NULL, NULL);
INSERT INTO public."Occurrence" ("Occurrence_Identifier", "Catastrophic_Event_Indicator", "Geographic_Location_Identifier", "Occurrence_Begin_Date", "Occurrence_End_Date", "Occurrence_Begin_Time", "Occurrence_End_Time", "Occurrence_Name") VALUES (2, NULL, NULL, '2019-06-01', '2019-06-01', NULL, NULL, NULL);


--
-- Data for Name: Organization; Type: TABLE DATA; Schema: public; Owner: execution-identity-rocket.demo-rocket
--

INSERT INTO public."Organization" ("Organization_Identifier", "Industry_Code", "Organization_Name", "Dun_And_Bradstreet_Identifier", "Organization_Type_Code", "Alternate_Name", "Organization_Description", "Acronym_Name", "Industry_Type_Code") VALUES (100, NULL, 'Mesa Underwriters Specialty Insurance Company', NULL, NULL, 'MUSIC', NULL, NULL, NULL);


--
-- Data for Name: Party; Type: TABLE DATA; Schema: public; Owner: execution-identity-rocket.demo-rocket
--

INSERT INTO public."Party" ("Party_Identifier", "Party_Name", "Begin_Date", "End_Date", "Party_Type_Code") VALUES (1, NULL, NULL, NULL, NULL);
INSERT INTO public."Party" ("Party_Identifier", "Party_Name", "Begin_Date", "End_Date", "Party_Type_Code") VALUES (2, NULL, NULL, NULL, NULL);
INSERT INTO public."Party" ("Party_Identifier", "Party_Name", "Begin_Date", "End_Date", "Party_Type_Code") VALUES (3, NULL, NULL, NULL, NULL);
INSERT INTO public."Party" ("Party_Identifier", "Party_Name", "Begin_Date", "End_Date", "Party_Type_Code") VALUES (100, NULL, NULL, NULL, NULL);
INSERT INTO public."Party" ("Party_Identifier", "Party_Name", "Begin_Date", "End_Date", "Party_Type_Code") VALUES (4, NULL, NULL, NULL, NULL);
INSERT INTO public."Party" ("Party_Identifier", "Party_Name", "Begin_Date", "End_Date", "Party_Type_Code") VALUES (5, NULL, NULL, NULL, NULL);
INSERT INTO public."Party" ("Party_Identifier", "Party_Name", "Begin_Date", "End_Date", "Party_Type_Code") VALUES (6, NULL, NULL, NULL, NULL);
INSERT INTO public."Party" ("Party_Identifier", "Party_Name", "Begin_Date", "End_Date", "Party_Type_Code") VALUES (7, NULL, NULL, NULL, NULL);
INSERT INTO public."Party" ("Party_Identifier", "Party_Name", "Begin_Date", "End_Date", "Party_Type_Code") VALUES (8, NULL, NULL, NULL, NULL);
INSERT INTO public."Party" ("Party_Identifier", "Party_Name", "Begin_Date", "End_Date", "Party_Type_Code") VALUES (9, NULL, NULL, NULL, NULL);
INSERT INTO public."Party" ("Party_Identifier", "Party_Name", "Begin_Date", "End_Date", "Party_Type_Code") VALUES (10, NULL, NULL, NULL, NULL);
INSERT INTO public."Party" ("Party_Identifier", "Party_Name", "Begin_Date", "End_Date", "Party_Type_Code") VALUES (11, NULL, NULL, NULL, NULL);
INSERT INTO public."Party" ("Party_Identifier", "Party_Name", "Begin_Date", "End_Date", "Party_Type_Code") VALUES (12, NULL, NULL, NULL, NULL);
INSERT INTO public."Party" ("Party_Identifier", "Party_Name", "Begin_Date", "End_Date", "Party_Type_Code") VALUES (13, NULL, NULL, NULL, NULL);
INSERT INTO public."Party" ("Party_Identifier", "Party_Name", "Begin_Date", "End_Date", "Party_Type_Code") VALUES (14, NULL, NULL, NULL, NULL);
INSERT INTO public."Party" ("Party_Identifier", "Party_Name", "Begin_Date", "End_Date", "Party_Type_Code") VALUES (15, NULL, NULL, NULL, NULL);
INSERT INTO public."Party" ("Party_Identifier", "Party_Name", "Begin_Date", "End_Date", "Party_Type_Code") VALUES (16, NULL, NULL, NULL, NULL);
INSERT INTO public."Party" ("Party_Identifier", "Party_Name", "Begin_Date", "End_Date", "Party_Type_Code") VALUES (17, NULL, NULL, NULL, NULL);
INSERT INTO public."Party" ("Party_Identifier", "Party_Name", "Begin_Date", "End_Date", "Party_Type_Code") VALUES (18, NULL, NULL, NULL, NULL);
INSERT INTO public."Party" ("Party_Identifier", "Party_Name", "Begin_Date", "End_Date", "Party_Type_Code") VALUES (19, NULL, NULL, NULL, NULL);
INSERT INTO public."Party" ("Party_Identifier", "Party_Name", "Begin_Date", "End_Date", "Party_Type_Code") VALUES (20, NULL, NULL, NULL, NULL);
INSERT INTO public."Party" ("Party_Identifier", "Party_Name", "Begin_Date", "End_Date", "Party_Type_Code") VALUES (21, NULL, NULL, NULL, NULL);
INSERT INTO public."Party" ("Party_Identifier", "Party_Name", "Begin_Date", "End_Date", "Party_Type_Code") VALUES (22, NULL, NULL, NULL, NULL);
INSERT INTO public."Party" ("Party_Identifier", "Party_Name", "Begin_Date", "End_Date", "Party_Type_Code") VALUES (23, NULL, NULL, NULL, NULL);
INSERT INTO public."Party" ("Party_Identifier", "Party_Name", "Begin_Date", "End_Date", "Party_Type_Code") VALUES (24, NULL, NULL, NULL, NULL);
INSERT INTO public."Party" ("Party_Identifier", "Party_Name", "Begin_Date", "End_Date", "Party_Type_Code") VALUES (25, NULL, NULL, NULL, NULL);
INSERT INTO public."Party" ("Party_Identifier", "Party_Name", "Begin_Date", "End_Date", "Party_Type_Code") VALUES (26, NULL, NULL, NULL, NULL);
INSERT INTO public."Party" ("Party_Identifier", "Party_Name", "Begin_Date", "End_Date", "Party_Type_Code") VALUES (27, NULL, NULL, NULL, NULL);
INSERT INTO public."Party" ("Party_Identifier", "Party_Name", "Begin_Date", "End_Date", "Party_Type_Code") VALUES (28, NULL, NULL, NULL, NULL);
INSERT INTO public."Party" ("Party_Identifier", "Party_Name", "Begin_Date", "End_Date", "Party_Type_Code") VALUES (29, NULL, NULL, NULL, NULL);


--
-- Data for Name: Party_Role; Type: TABLE DATA; Schema: public; Owner: execution-identity-rocket.demo-rocket
--

INSERT INTO public."Party_Role" ("Party_Role_Code", "Party_Role_Name", "Party_Role_Description") VALUES ('AG', 'Agent', NULL);
INSERT INTO public."Party_Role" ("Party_Role_Code", "Party_Role_Name", "Party_Role_Description") VALUES ('UW', 'Underwriter', NULL);
INSERT INTO public."Party_Role" ("Party_Role_Code", "Party_Role_Name", "Party_Role_Description") VALUES ('PH', 'PolicyHolder', NULL);


--
-- Data for Name: Person; Type: TABLE DATA; Schema: public; Owner: execution-identity-rocket.demo-rocket
--

INSERT INTO public."Person" ("Person_Identifier", "First_Name", "Middle_Name", "Last_Name", "Full_Legal_Name", "Nickname", "Suffix_Name", "Birth_Date", "Birth_Place_Name", "Gender_Code", "Prefix_Name") VALUES (1, 'Mary', 'Policy', 'Holder', NULL, NULL, NULL, NULL, NULL, NULL, NULL);
INSERT INTO public."Person" ("Person_Identifier", "First_Name", "Middle_Name", "Last_Name", "Full_Legal_Name", "Nickname", "Suffix_Name", "Birth_Date", "Birth_Place_Name", "Gender_Code", "Prefix_Name") VALUES (2, 'Bob', 'Insurance', 'Agent', NULL, NULL, NULL, NULL, NULL, NULL, NULL);
INSERT INTO public."Person" ("Person_Identifier", "First_Name", "Middle_Name", "Last_Name", "Full_Legal_Name", "Nickname", "Suffix_Name", "Birth_Date", "Birth_Place_Name", "Gender_Code", "Prefix_Name") VALUES (3, 'Alice', 'Under', 'Writer', NULL, NULL, NULL, NULL, NULL, NULL, NULL);
INSERT INTO public."Person" ("Person_Identifier", "First_Name", "Middle_Name", "Last_Name", "Full_Legal_Name", "Nickname", "Suffix_Name", "Birth_Date", "Birth_Place_Name", "Gender_Code", "Prefix_Name") VALUES (4, NULL, NULL, NULL, NULL, NULL, NULL, NULL, NULL, NULL, NULL);
INSERT INTO public."Person" ("Person_Identifier", "First_Name", "Middle_Name", "Last_Name", "Full_Legal_Name", "Nickname", "Suffix_Name", "Birth_Date", "Birth_Place_Name", "Gender_Code", "Prefix_Name") VALUES (5, NULL, NULL, NULL, NULL, NULL, NULL, NULL, NULL, NULL, NULL);
INSERT INTO public."Person" ("Person_Identifier", "First_Name", "Middle_Name", "Last_Name", "Full_Legal_Name", "Nickname", "Suffix_Name", "Birth_Date", "Birth_Place_Name", "Gender_Code", "Prefix_Name") VALUES (6, NULL, NULL, NULL, NULL, NULL, NULL, NULL, NULL, NULL, NULL);
INSERT INTO public."Person" ("Person_Identifier", "First_Name", "Middle_Name", "Last_Name", "Full_Legal_Name", "Nickname", "Suffix_Name", "Birth_Date", "Birth_Place_Name", "Gender_Code", "Prefix_Name") VALUES (7, NULL, NULL, NULL, NULL, NULL, NULL, NULL, NULL, NULL, NULL);
INSERT INTO public."Person" ("Person_Identifier", "First_Name", "Middle_Name", "Last_Name", "Full_Legal_Name", "Nickname", "Suffix_Name", "Birth_Date", "Birth_Place_Name", "Gender_Code", "Prefix_Name") VALUES (8, NULL, NULL, NULL, NULL, NULL, NULL, NULL, NULL, NULL, NULL);
INSERT INTO public."Person" ("Person_Identifier", "First_Name", "Middle_Name", "Last_Name", "Full_Legal_Name", "Nickname", "Suffix_Name", "Birth_Date", "Birth_Place_Name", "Gender_Code", "Prefix_Name") VALUES (9, NULL, NULL, NULL, NULL, NULL, NULL, NULL, NULL, NULL, NULL);
INSERT INTO public."Person" ("Person_Identifier", "First_Name", "Middle_Name", "Last_Name", "Full_Legal_Name", "Nickname", "Suffix_Name", "Birth_Date", "Birth_Place_Name", "Gender_Code", "Prefix_Name") VALUES (10, NULL, NULL, NULL, NULL, NULL, NULL, NULL, NULL, NULL, NULL);
INSERT INTO public."Person" ("Person_Identifier", "First_Name", "Middle_Name", "Last_Name", "Full_Legal_Name", "Nickname", "Suffix_Name", "Birth_Date", "Birth_Place_Name", "Gender_Code", "Prefix_Name") VALUES (11, NULL, NULL, NULL, NULL, NULL, NULL, NULL, NULL, NULL, NULL);
INSERT INTO public."Person" ("Person_Identifier", "First_Name", "Middle_Name", "Last_Name", "Full_Legal_Name", "Nickname", "Suffix_Name", "Birth_Date", "Birth_Place_Name", "Gender_Code", "Prefix_Name") VALUES (12, NULL, NULL, NULL, NULL, NULL, NULL, NULL, NULL, NULL, NULL);
INSERT INTO public."Person" ("Person_Identifier", "First_Name", "Middle_Name", "Last_Name", "Full_Legal_Name", "Nickname", "Suffix_Name", "Birth_Date", "Birth_Place_Name", "Gender_Code", "Prefix_Name") VALUES (13, NULL, NULL, NULL, NULL, NULL, NULL, NULL, NULL, NULL, NULL);
INSERT INTO public."Person" ("Person_Identifier", "First_Name", "Middle_Name", "Last_Name", "Full_Legal_Name", "Nickname", "Suffix_Name", "Birth_Date", "Birth_Place_Name", "Gender_Code", "Prefix_Name") VALUES (14, NULL, NULL, NULL, NULL, NULL, NULL, NULL, NULL, NULL, NULL);
INSERT INTO public."Person" ("Person_Identifier", "First_Name", "Middle_Name", "Last_Name", "Full_Legal_Name", "Nickname", "Suffix_Name", "Birth_Date", "Birth_Place_Name", "Gender_Code", "Prefix_Name") VALUES (15, NULL, NULL, NULL, NULL, NULL, NULL, NULL, NULL, NULL, NULL);
INSERT INTO public."Person" ("Person_Identifier", "First_Name", "Middle_Name", "Last_Name", "Full_Legal_Name", "Nickname", "Suffix_Name", "Birth_Date", "Birth_Place_Name", "Gender_Code", "Prefix_Name") VALUES (16, NULL, NULL, NULL, NULL, NULL, NULL, NULL, NULL, NULL, NULL);
INSERT INTO public."Person" ("Person_Identifier", "First_Name", "Middle_Name", "Last_Name", "Full_Legal_Name", "Nickname", "Suffix_Name", "Birth_Date", "Birth_Place_Name", "Gender_Code", "Prefix_Name") VALUES (17, NULL, NULL, NULL, NULL, NULL, NULL, NULL, NULL, NULL, NULL);
INSERT INTO public."Person" ("Person_Identifier", "First_Name", "Middle_Name", "Last_Name", "Full_Legal_Name", "Nickname", "Suffix_Name", "Birth_Date", "Birth_Place_Name", "Gender_Code", "Prefix_Name") VALUES (18, NULL, NULL, NULL, NULL, NULL, NULL, NULL, NULL, NULL, NULL);
INSERT INTO public."Person" ("Person_Identifier", "First_Name", "Middle_Name", "Last_Name", "Full_Legal_Name", "Nickname", "Suffix_Name", "Birth_Date", "Birth_Place_Name", "Gender_Code", "Prefix_Name") VALUES (19, NULL, NULL, NULL, NULL, NULL, NULL, NULL, NULL, NULL, NULL);
INSERT INTO public."Person" ("Person_Identifier", "First_Name", "Middle_Name", "Last_Name", "Full_Legal_Name", "Nickname", "Suffix_Name", "Birth_Date", "Birth_Place_Name", "Gender_Code", "Prefix_Name") VALUES (20, NULL, NULL, NULL, NULL, NULL, NULL, NULL, NULL, NULL, NULL);
INSERT INTO public."Person" ("Person_Identifier", "First_Name", "Middle_Name", "Last_Name", "Full_Legal_Name", "Nickname", "Suffix_Name", "Birth_Date", "Birth_Place_Name", "Gender_Code", "Prefix_Name") VALUES (21, NULL, NULL, NULL, NULL, NULL, NULL, NULL, NULL, NULL, NULL);
INSERT INTO public."Person" ("Person_Identifier", "First_Name", "Middle_Name", "Last_Name", "Full_Legal_Name", "Nickname", "Suffix_Name", "Birth_Date", "Birth_Place_Name", "Gender_Code", "Prefix_Name") VALUES (22, NULL, NULL, NULL, NULL, NULL, NULL, NULL, NULL, NULL, NULL);
INSERT INTO public."Person" ("Person_Identifier", "First_Name", "Middle_Name", "Last_Name", "Full_Legal_Name", "Nickname", "Suffix_Name", "Birth_Date", "Birth_Place_Name", "Gender_Code", "Prefix_Name") VALUES (23, NULL, NULL, NULL, NULL, NULL, NULL, NULL, NULL, NULL, NULL);
INSERT INTO public."Person" ("Person_Identifier", "First_Name", "Middle_Name", "Last_Name", "Full_Legal_Name", "Nickname", "Suffix_Name", "Birth_Date", "Birth_Place_Name", "Gender_Code", "Prefix_Name") VALUES (24, NULL, NULL, NULL, NULL, NULL, NULL, NULL, NULL, NULL, NULL);
INSERT INTO public."Person" ("Person_Identifier", "First_Name", "Middle_Name", "Last_Name", "Full_Legal_Name", "Nickname", "Suffix_Name", "Birth_Date", "Birth_Place_Name", "Gender_Code", "Prefix_Name") VALUES (25, NULL, NULL, NULL, NULL, NULL, NULL, NULL, NULL, NULL, NULL);
INSERT INTO public."Person" ("Person_Identifier", "First_Name", "Middle_Name", "Last_Name", "Full_Legal_Name", "Nickname", "Suffix_Name", "Birth_Date", "Birth_Place_Name", "Gender_Code", "Prefix_Name") VALUES (26, NULL, NULL, NULL, NULL, NULL, NULL, NULL, NULL, NULL, NULL);
INSERT INTO public."Person" ("Person_Identifier", "First_Name", "Middle_Name", "Last_Name", "Full_Legal_Name", "Nickname", "Suffix_Name", "Birth_Date", "Birth_Place_Name", "Gender_Code", "Prefix_Name") VALUES (27, NULL, NULL, NULL, NULL, NULL, NULL, NULL, NULL, NULL, NULL);
INSERT INTO public."Person" ("Person_Identifier", "First_Name", "Middle_Name", "Last_Name", "Full_Legal_Name", "Nickname", "Suffix_Name", "Birth_Date", "Birth_Place_Name", "Gender_Code", "Prefix_Name") VALUES (28, NULL, NULL, NULL, NULL, NULL, NULL, NULL, NULL, NULL, NULL);
INSERT INTO public."Person" ("Person_Identifier", "First_Name", "Middle_Name", "Last_Name", "Full_Legal_Name", "Nickname", "Suffix_Name", "Birth_Date", "Birth_Place_Name", "Gender_Code", "Prefix_Name") VALUES (29, NULL, NULL, NULL, NULL, NULL, NULL, NULL, NULL, NULL, NULL);


--
-- Data for Name: Physical_Location; Type: TABLE DATA; Schema: public; Owner: execution-identity-rocket.demo-rocket
--

INSERT INTO public."Physical_Location" ("Physical_Location_Identifier", "Physical_Location_Name", "Latitude_Value", "Longitude_Value", "Altitude_Value", "Altitude_Mean_Sea_Level_Value", "Horizontal_Accuracy_Value", "Vertical_Accuracy_Value", "Travel_Direction_Description", "Location_Address_Identifier") VALUES (1, NULL, 30.31639, -97.71592, NULL, NULL, NULL, NULL, NULL, 1);
INSERT INTO public."Physical_Location" ("Physical_Location_Identifier", "Physical_Location_Name", "Latitude_Value", "Longitude_Value", "Altitude_Value", "Altitude_Mean_Sea_Level_Value", "Horizontal_Accuracy_Value", "Vertical_Accuracy_Value", "Travel_Direction_Description", "Location_Address_Identifier") VALUES (2, NULL, 30.34149, -97.92346, NULL, NULL, NULL, NULL, NULL, 2);
INSERT INTO public."Physical_Location" ("Physical_Location_Identifier", "Physical_Location_Name", "Latitude_Value", "Longitude_Value", "Altitude_Value", "Altitude_Mean_Sea_Level_Value", "Horizontal_Accuracy_Value", "Vertical_Accuracy_Value", "Travel_Direction_Description", "Location_Address_Identifier") VALUES (3, NULL, 30.28677, -97.8371, NULL, NULL, NULL, NULL, NULL, 3);
INSERT INTO public."Physical_Location" ("Physical_Location_Identifier", "Physical_Location_Name", "Latitude_Value", "Longitude_Value", "Altitude_Value", "Altitude_Mean_Sea_Level_Value", "Horizontal_Accuracy_Value", "Vertical_Accuracy_Value", "Travel_Direction_Description", "Location_Address_Identifier") VALUES (4, NULL, 30.27515, -97.72294, NULL, NULL, NULL, NULL, NULL, 4);
INSERT INTO public."Physical_Location" ("Physical_Location_Identifier", "Physical_Location_Name", "Latitude_Value", "Longitude_Value", "Altitude_Value", "Altitude_Mean_Sea_Level_Value", "Horizontal_Accuracy_Value", "Vertical_Accuracy_Value", "Travel_Direction_Description", "Location_Address_Identifier") VALUES (5, NULL, 30.27161, -97.73814, NULL, NULL, NULL, NULL, NULL, 5);
INSERT INTO public."Physical_Location" ("Physical_Location_Identifier", "Physical_Location_Name", "Latitude_Value", "Longitude_Value", "Altitude_Value", "Altitude_Mean_Sea_Level_Value", "Horizontal_Accuracy_Value", "Vertical_Accuracy_Value", "Travel_Direction_Description", "Location_Address_Identifier") VALUES (6, NULL, 30.25798, -97.75495, NULL, NULL, NULL, NULL, NULL, 6);
INSERT INTO public."Physical_Location" ("Physical_Location_Identifier", "Physical_Location_Name", "Latitude_Value", "Longitude_Value", "Altitude_Value", "Altitude_Mean_Sea_Level_Value", "Horizontal_Accuracy_Value", "Vertical_Accuracy_Value", "Travel_Direction_Description", "Location_Address_Identifier") VALUES (7, NULL, 30.258621, -97.751981, NULL, NULL, NULL, NULL, NULL, 7);
INSERT INTO public."Physical_Location" ("Physical_Location_Identifier", "Physical_Location_Name", "Latitude_Value", "Longitude_Value", "Altitude_Value", "Altitude_Mean_Sea_Level_Value", "Horizontal_Accuracy_Value", "Vertical_Accuracy_Value", "Travel_Direction_Description", "Location_Address_Identifier") VALUES (8, NULL, 30.327888, -97.973917, NULL, NULL, NULL, NULL, NULL, 8);


--
-- Data for Name: Policy; Type: TABLE DATA; Schema: public; Owner: execution-identity-rocket.demo-rocket
--

INSERT INTO public."Policy" ("Policy_Identifier", "Effective_Date", "Expiration_Date", "Policy_Number", "Status_Code", "Geographic_Location_Identifier") VALUES (1, '2015-01-01', '2019-12-31', 31003000336, NULL, NULL);
INSERT INTO public."Policy" ("Policy_Identifier", "Effective_Date", "Expiration_Date", "Policy_Number", "Status_Code", "Geographic_Location_Identifier") VALUES (2, '2019-06-01', '2020-05-31', 31003000337, NULL, NULL);


--
-- Data for Name: Policy_Amount; Type: TABLE DATA; Schema: public; Owner: execution-identity-rocket.demo-rocket
--

INSERT INTO public."Policy_Amount" ("Policy_Amount_Identifier", "Geographic_Location_Identifier", "Policy_Identifier", "Effective_Date", "Amount_Type_Code", "Earning_Begin_Date", "Earning_End_Date", "Policy_Coverage_Detail_Identifier", "Policy_Amount", "Insurable_Object_Identifier", "Insurance_Type_Code") VALUES (1, NULL, 1, '2015-01-01', NULL, NULL, NULL, 1, 1000000, NULL, NULL);
INSERT INTO public."Policy_Amount" ("Policy_Amount_Identifier", "Geographic_Location_Identifier", "Policy_Identifier", "Effective_Date", "Amount_Type_Code", "Earning_Begin_Date", "Earning_End_Date", "Policy_Coverage_Detail_Identifier", "Policy_Amount", "Insurable_Object_Identifier", "Insurance_Type_Code") VALUES (2, NULL, 1, '2015-01-01', 'Year', NULL, NULL, 1, 15000, NULL, NULL);
INSERT INTO public."Policy_Amount" ("Policy_Amount_Identifier", "Geographic_Location_Identifier", "Policy_Identifier", "Effective_Date", "Amount_Type_Code", "Earning_Begin_Date", "Earning_End_Date", "Policy_Coverage_Detail_Identifier", "Policy_Amount", "Insurable_Object_Identifier", "Insurance_Type_Code") VALUES (3, NULL, 1, '2016-01-01', NULL, NULL, NULL, 2, 1000000, NULL, NULL);
INSERT INTO public."Policy_Amount" ("Policy_Amount_Identifier", "Geographic_Location_Identifier", "Policy_Identifier", "Effective_Date", "Amount_Type_Code", "Earning_Begin_Date", "Earning_End_Date", "Policy_Coverage_Detail_Identifier", "Policy_Amount", "Insurable_Object_Identifier", "Insurance_Type_Code") VALUES (4, NULL, 1, '2016-01-01', 'Year', NULL, NULL, 2, 16000, NULL, NULL);
INSERT INTO public."Policy_Amount" ("Policy_Amount_Identifier", "Geographic_Location_Identifier", "Policy_Identifier", "Effective_Date", "Amount_Type_Code", "Earning_Begin_Date", "Earning_End_Date", "Policy_Coverage_Detail_Identifier", "Policy_Amount", "Insurable_Object_Identifier", "Insurance_Type_Code") VALUES (5, NULL, 1, '2017-01-01', NULL, NULL, NULL, 3, 1000000, NULL, NULL);
INSERT INTO public."Policy_Amount" ("Policy_Amount_Identifier", "Geographic_Location_Identifier", "Policy_Identifier", "Effective_Date", "Amount_Type_Code", "Earning_Begin_Date", "Earning_End_Date", "Policy_Coverage_Detail_Identifier", "Policy_Amount", "Insurable_Object_Identifier", "Insurance_Type_Code") VALUES (6, NULL, 1, '2017-01-01', 'Year', NULL, NULL, 3, 17000, NULL, NULL);
INSERT INTO public."Policy_Amount" ("Policy_Amount_Identifier", "Geographic_Location_Identifier", "Policy_Identifier", "Effective_Date", "Amount_Type_Code", "Earning_Begin_Date", "Earning_End_Date", "Policy_Coverage_Detail_Identifier", "Policy_Amount", "Insurable_Object_Identifier", "Insurance_Type_Code") VALUES (7, NULL, 1, '2018-01-01', NULL, NULL, NULL, 4, 1000000, NULL, NULL);
INSERT INTO public."Policy_Amount" ("Policy_Amount_Identifier", "Geographic_Location_Identifier", "Policy_Identifier", "Effective_Date", "Amount_Type_Code", "Earning_Begin_Date", "Earning_End_Date", "Policy_Coverage_Detail_Identifier", "Policy_Amount", "Insurable_Object_Identifier", "Insurance_Type_Code") VALUES (8, NULL, 1, '2018-01-01', 'Year', NULL, NULL, 4, 18000, NULL, NULL);
INSERT INTO public."Policy_Amount" ("Policy_Amount_Identifier", "Geographic_Location_Identifier", "Policy_Identifier", "Effective_Date", "Amount_Type_Code", "Earning_Begin_Date", "Earning_End_Date", "Policy_Coverage_Detail_Identifier", "Policy_Amount", "Insurable_Object_Identifier", "Insurance_Type_Code") VALUES (9, NULL, 1, '2019-01-01', NULL, NULL, NULL, 5, 1000000, NULL, NULL);
INSERT INTO public."Policy_Amount" ("Policy_Amount_Identifier", "Geographic_Location_Identifier", "Policy_Identifier", "Effective_Date", "Amount_Type_Code", "Earning_Begin_Date", "Earning_End_Date", "Policy_Coverage_Detail_Identifier", "Policy_Amount", "Insurable_Object_Identifier", "Insurance_Type_Code") VALUES (10, NULL, 1, '2019-01-01', 'Year', NULL, NULL, 5, 20000, NULL, NULL);
INSERT INTO public."Policy_Amount" ("Policy_Amount_Identifier", "Geographic_Location_Identifier", "Policy_Identifier", "Effective_Date", "Amount_Type_Code", "Earning_Begin_Date", "Earning_End_Date", "Policy_Coverage_Detail_Identifier", "Policy_Amount", "Insurable_Object_Identifier", "Insurance_Type_Code") VALUES (11, NULL, 2, '2019-06-01', NULL, NULL, NULL, 6, 600000, NULL, NULL);
INSERT INTO public."Policy_Amount" ("Policy_Amount_Identifier", "Geographic_Location_Identifier", "Policy_Identifier", "Effective_Date", "Amount_Type_Code", "Earning_Begin_Date", "Earning_End_Date", "Policy_Coverage_Detail_Identifier", "Policy_Amount", "Insurable_Object_Identifier", "Insurance_Type_Code") VALUES (12, NULL, 2, '2019-06-01', 'Year', NULL, NULL, 6, 12000, NULL, NULL);


--
-- Data for Name: Policy_Amounts; Type: TABLE DATA; Schema: public; Owner: execution-identity-rocket.demo-rocket
--

INSERT INTO public."Policy_Amounts" ("Policy_Amount_Identifier", "Geographic_Location_Identifier", "Policy_Identifier", "Effective_Date", "Amount_Type_Code", "Earning_Begin_Date", "Earning_End_Date", "Policy_Coverage_Detail_Identifier", "Policy_Amount", "Insurable_Object_Identifier", "Insurance_Type_Code", is_premium) VALUES (1, NULL, 1, '2015-01-01', NULL, NULL, NULL, 1, 1000000, NULL, NULL, 'N');
INSERT INTO public."Policy_Amounts" ("Policy_Amount_Identifier", "Geographic_Location_Identifier", "Policy_Identifier", "Effective_Date", "Amount_Type_Code", "Earning_Begin_Date", "Earning_End_Date", "Policy_Coverage_Detail_Identifier", "Policy_Amount", "Insurable_Object_Identifier", "Insurance_Type_Code", is_premium) VALUES (3, NULL, 1, '2016-01-01', NULL, NULL, NULL, 2, 1000000, NULL, NULL, 'N');
INSERT INTO public."Policy_Amounts" ("Policy_Amount_Identifier", "Geographic_Location_Identifier", "Policy_Identifier", "Effective_Date", "Amount_Type_Code", "Earning_Begin_Date", "Earning_End_Date", "Policy_Coverage_Detail_Identifier", "Policy_Amount", "Insurable_Object_Identifier", "Insurance_Type_Code", is_premium) VALUES (5, NULL, 1, '2017-01-01', NULL, NULL, NULL, 3, 1000000, NULL, NULL, 'N');
INSERT INTO public."Policy_Amounts" ("Policy_Amount_Identifier", "Geographic_Location_Identifier", "Policy_Identifier", "Effective_Date", "Amount_Type_Code", "Earning_Begin_Date", "Earning_End_Date", "Policy_Coverage_Detail_Identifier", "Policy_Amount", "Insurable_Object_Identifier", "Insurance_Type_Code", is_premium) VALUES (6, NULL, 1, '2017-01-01', 'Year', NULL, NULL, 3, 17000, NULL, NULL, 'Y');
INSERT INTO public."Policy_Amounts" ("Policy_Amount_Identifier", "Geographic_Location_Identifier", "Policy_Identifier", "Effective_Date", "Amount_Type_Code", "Earning_Begin_Date", "Earning_End_Date", "Policy_Coverage_Detail_Identifier", "Policy_Amount", "Insurable_Object_Identifier", "Insurance_Type_Code", is_premium) VALUES (9, NULL, 1, '2019-01-01', NULL, NULL, NULL, 5, 1000000, NULL, NULL, 'N');
INSERT INTO public."Policy_Amounts" ("Policy_Amount_Identifier", "Geographic_Location_Identifier", "Policy_Identifier", "Effective_Date", "Amount_Type_Code", "Earning_Begin_Date", "Earning_End_Date", "Policy_Coverage_Detail_Identifier", "Policy_Amount", "Insurable_Object_Identifier", "Insurance_Type_Code", is_premium) VALUES (12, NULL, 2, '2019-06-01', 'Year', NULL, NULL, 6, 12000, NULL, NULL, 'Y');
INSERT INTO public."Policy_Amounts" ("Policy_Amount_Identifier", "Geographic_Location_Identifier", "Policy_Identifier", "Effective_Date", "Amount_Type_Code", "Earning_Begin_Date", "Earning_End_Date", "Policy_Coverage_Detail_Identifier", "Policy_Amount", "Insurable_Object_Identifier", "Insurance_Type_Code", is_premium) VALUES (4, NULL, 1, '2016-01-01', 'Year', NULL, NULL, 2, 16000, NULL, NULL, 'Y');
INSERT INTO public."Policy_Amounts" ("Policy_Amount_Identifier", "Geographic_Location_Identifier", "Policy_Identifier", "Effective_Date", "Amount_Type_Code", "Earning_Begin_Date", "Earning_End_Date", "Policy_Coverage_Detail_Identifier", "Policy_Amount", "Insurable_Object_Identifier", "Insurance_Type_Code", is_premium) VALUES (7, NULL, 1, '2018-01-01', NULL, NULL, NULL, 4, 1000000, NULL, NULL, 'N');
INSERT INTO public."Policy_Amounts" ("Policy_Amount_Identifier", "Geographic_Location_Identifier", "Policy_Identifier", "Effective_Date", "Amount_Type_Code", "Earning_Begin_Date", "Earning_End_Date", "Policy_Coverage_Detail_Identifier", "Policy_Amount", "Insurable_Object_Identifier", "Insurance_Type_Code", is_premium) VALUES (8, NULL, 1, '2018-01-01', 'Year', NULL, NULL, 4, 18000, NULL, NULL, 'Y');
INSERT INTO public."Policy_Amounts" ("Policy_Amount_Identifier", "Geographic_Location_Identifier", "Policy_Identifier", "Effective_Date", "Amount_Type_Code", "Earning_Begin_Date", "Earning_End_Date", "Policy_Coverage_Detail_Identifier", "Policy_Amount", "Insurable_Object_Identifier", "Insurance_Type_Code", is_premium) VALUES (10, NULL, 1, '2019-01-01', 'Year', NULL, NULL, 5, 20000, NULL, NULL, 'Y');
INSERT INTO public."Policy_Amounts" ("Policy_Amount_Identifier", "Geographic_Location_Identifier", "Policy_Identifier", "Effective_Date", "Amount_Type_Code", "Earning_Begin_Date", "Earning_End_Date", "Policy_Coverage_Detail_Identifier", "Policy_Amount", "Insurable_Object_Identifier", "Insurance_Type_Code", is_premium) VALUES (11, NULL, 2, '2019-06-01', NULL, NULL, NULL, 6, 600000, NULL, NULL, 'N');
INSERT INTO public."Policy_Amounts" ("Policy_Amount_Identifier", "Geographic_Location_Identifier", "Policy_Identifier", "Effective_Date", "Amount_Type_Code", "Earning_Begin_Date", "Earning_End_Date", "Policy_Coverage_Detail_Identifier", "Policy_Amount", "Insurable_Object_Identifier", "Insurance_Type_Code", is_premium) VALUES (2, NULL, 1, '2015-01-01', 'Year', NULL, NULL, 1, 15000, NULL, NULL, 'Y');


--
-- Data for Name: Policy_Coverage_Detail; Type: TABLE DATA; Schema: public; Owner: execution-identity-rocket.demo-rocket
--

INSERT INTO public."Policy_Coverage_Detail" ("Effective_Date", "Policy_Coverage_Detail_Identifier", "Coverage_Identifier", "Insurable_Object_Identifier", "Policy_Identifier", "Coverage_Part_Code", "Coverage_Description", "Expiration_Date", "Coverage_Inclusion_Exclusion_Code") VALUES ('2015-01-01', 1, NULL, 1, 1, NULL, NULL, '2015-12-31', NULL);
INSERT INTO public."Policy_Coverage_Detail" ("Effective_Date", "Policy_Coverage_Detail_Identifier", "Coverage_Identifier", "Insurable_Object_Identifier", "Policy_Identifier", "Coverage_Part_Code", "Coverage_Description", "Expiration_Date", "Coverage_Inclusion_Exclusion_Code") VALUES ('2016-01-01', 2, NULL, 1, 1, NULL, NULL, '2016-12-31', NULL);
INSERT INTO public."Policy_Coverage_Detail" ("Effective_Date", "Policy_Coverage_Detail_Identifier", "Coverage_Identifier", "Insurable_Object_Identifier", "Policy_Identifier", "Coverage_Part_Code", "Coverage_Description", "Expiration_Date", "Coverage_Inclusion_Exclusion_Code") VALUES ('2017-01-01', 3, NULL, 1, 1, NULL, NULL, '2017-12-31', NULL);
INSERT INTO public."Policy_Coverage_Detail" ("Effective_Date", "Policy_Coverage_Detail_Identifier", "Coverage_Identifier", "Insurable_Object_Identifier", "Policy_Identifier", "Coverage_Part_Code", "Coverage_Description", "Expiration_Date", "Coverage_Inclusion_Exclusion_Code") VALUES ('2018-01-01', 4, NULL, 1, 1, NULL, NULL, '2018-12-31', NULL);
INSERT INTO public."Policy_Coverage_Detail" ("Effective_Date", "Policy_Coverage_Detail_Identifier", "Coverage_Identifier", "Insurable_Object_Identifier", "Policy_Identifier", "Coverage_Part_Code", "Coverage_Description", "Expiration_Date", "Coverage_Inclusion_Exclusion_Code") VALUES ('2019-01-01', 5, NULL, 1, 1, NULL, NULL, '2019-12-31', NULL);
INSERT INTO public."Policy_Coverage_Detail" ("Effective_Date", "Policy_Coverage_Detail_Identifier", "Coverage_Identifier", "Insurable_Object_Identifier", "Policy_Identifier", "Coverage_Part_Code", "Coverage_Description", "Expiration_Date", "Coverage_Inclusion_Exclusion_Code") VALUES ('2019-06-01', 6, NULL, 2, 2, NULL, NULL, '2020-05-31', NULL);


--
-- Data for Name: Premium; Type: TABLE DATA; Schema: public; Owner: execution-identity-rocket.demo-rocket
--

INSERT INTO public."Premium" ("Policy_Amount_Identifier") VALUES (2);
INSERT INTO public."Premium" ("Policy_Amount_Identifier") VALUES (4);
INSERT INTO public."Premium" ("Policy_Amount_Identifier") VALUES (6);
INSERT INTO public."Premium" ("Policy_Amount_Identifier") VALUES (8);
INSERT INTO public."Premium" ("Policy_Amount_Identifier") VALUES (10);
INSERT INTO public."Premium" ("Policy_Amount_Identifier") VALUES (12);


--
-- Data for Name: Underwriting_Assessment; Type: TABLE DATA; Schema: public; Owner: execution-identity-rocket.demo-rocket
--

INSERT INTO public."Underwriting_Assessment" ("Assessment_Result_Identifier") VALUES (1);
INSERT INTO public."Underwriting_Assessment" ("Assessment_Result_Identifier") VALUES (2);


--
-- Data for Name: agreement_assessment; Type: TABLE DATA; Schema: public; Owner: execution-identity-rocket.demo-rocket
--

INSERT INTO public.agreement_assessment ("Agreement_Identifier", "Assessment_Identifier") VALUES (1, 1);
INSERT INTO public.agreement_assessment ("Agreement_Identifier", "Assessment_Identifier") VALUES (2, 2);


--
-- PostgreSQL database dump complete
--

